[{"init_value":1.0,"deriv_term_value":1.0,"terminal_value":1.4319274651312612,"strike":69500.0,"start_ts":1718020820,"expir_ts":1718053199},{"init_value":1.0,"deriv_term_value":0.0,"terminal_value":0.8989294098828083,"strike":70500.0,"start_ts":1718020820,"expir_ts":1718053199},{"init_value":1.0,"deriv_term_value":0.0,"terminal_value":0.5729088807788192,"strike":70000.0,"start_ts":1718020820,"expir_ts":1718053199},{"init_value":1.0,"deriv_term_value":1.0,"terminal_value":1.1547928327119896,"strike":69000.0,"start_ts":1718020820,"expir_ts":1718053199},{"init_value":1.0,"deriv_term_value":1.0,"terminal_value":0.9765665726581837,"strike":65250.0,"start_ts":1718107202,"expir_ts":1718139600},{"init_value":1.0,"deriv_term_value":1.0,"terminal_value":1.4427296490565484,"strike":67250.0,"start_ts":1718107204,"expir_ts":1718139600},{"init_value":1.0,"deriv_term_value":1.0,"terminal_value":1.1116023916359299,"strike":66250.0,"start_ts":1718107204,"expir_ts":1718139600},{"init_value":1.0,"deriv_term_value":1.0,"terminal_value":1.1172502466123004,"strike":66750.0,"start_ts":1718107204,"expir_ts":1718139600},{"init_value":1.0,"deriv_term_value":0.0,"terminal_value":0.7026821883153649,"strike":67750.0,"start_ts":1718107204,"expir_ts":1718139600},{"init_value":1.0,"deriv_term_value":1.0,"terminal_value":0.993487916775324,"strike":65750.0,"start_ts":1718107204,"expir_ts":1718139600},{"init_value":1.0,"deriv_term_value":1.0,"terminal_value":1.0109953591231182,"strike":64750.0,"start_ts":1718107201,"expir_ts":1718139600},{"init_value":1.0,"deriv_term_value":1.0,"terminal_value":1.2836147780376876,"strike":62500.0,"start_ts":1711108925,"expir_ts":1711141200},{"init_value":1.0,"deriv_term_value":0.0,"terminal_value":0.9435038179046744,"strike":67000.0,"start_ts":1711108925,"expir_ts":1711141200},{"init_value":1.0,"deriv_term_value":1.0,"terminal_value":1.5512308837072695,"strike":63500.0,"start_ts":1711108925,"expir_ts":1711141200},{"init_value":1.0,"deriv_term_value":0.0,"terminal_value":0.9223049035644841,"strike":66000.0,"start_ts":1711108925,"expir_ts":1711141200},{"init_value":1.0,"deriv_term_value":1.0,"terminal_value":1.0986463681243805,"strike":61500.0,"start_ts":1711108924,"expir_ts":1711141200},{"init_value":1.0,"deriv_term_value":0.0,"terminal_value":0.6396821570904792,"strike":64000.0,"start_ts":1711108925,"expir_ts":1711141200},{"init_value":1.0,"deriv_term_value":0.0,"terminal_value":0.9255709642014042,"strike":65000.0,"start_ts":1711108925,"expir_ts":1711141200},{"init_value":1.0,"deriv_term_value":0.0,"terminal_value":0.9114298326092395,"strike":65500.0,"start_ts":1711107486,"expir_ts":1711141200},{"init_value":1.0,"deriv_term_value":1.0,"terminal_value":1.0872810604894299,"strike":61000.0,"start_ts":1711108924,"expir_ts":1711141200},{"init_value":1.0,"deriv_term_value":0.0,"terminal_value":0.9302268519285222,"strike":64500.0,"start_ts":1711108925,"expir_ts":1711141200},{"init_value":1.0,"deriv_term_value":1.0,"terminal_value":1.072675910461825,"strike":63000.0,"start_ts":1711108925,"expir_ts":1711141200},{"init_value":1.0,"deriv_term_value":0.0,"terminal_value":0.9251803258781712,"strike":66500.0,"start_ts":1711108925,"expir_ts":1711141200},{"init_value":1.0,"deriv_term_value":1.0,"terminal_value":1.1703055166869785,"strike":62000.0,"start_ts":1711108925,"expir_ts":1711141200},{"init_value":1.0,"deriv_term_value":1.0,"terminal_value":0.7218122070840518,"strike":67000.0,"start_ts":1711369893,"expir_ts":1711400400},{"init_value":1.0,"deriv_term_value":1.0,"terminal_value":0.8374578506477741,"strike":66000.0,"start_ts":1711369893,"expir_ts":1711400400},{"init_value":1.0,"deriv_term_value":0.0,"terminal_value":0.7127538250075403,"strike":71500.0,"start_ts":1711375233,"expir_ts":1711400400},{"init_value":1.0,"deriv_term_value":1.0,"terminal_value":0.8342291801090186,"strike":68500.0,"start_ts":1711369893,"expir_ts":1711400400},{"init_value":1.0,"deriv_term_value":1.0,"terminal_value":1.1934093862907105,"strike":69500.0,"start_ts":1711369893,"expir_ts":1711400400},{"init_value":1.0,"deriv_term_value":1.0,"terminal_value":1.2887735310306585,"strike":70500.0,"start_ts":1711369893,"expir_ts":1711400400},{"init_value":1.0,"deriv_term_value":1.0,"terminal_value":1.106029736516656,"strike":70000.0,"start_ts":1711369893,"expir_ts":1711400400},{"init_value":1.0,"deriv_term_value":1.0,"terminal_value":0.9092723167576628,"strike":69000.0,"start_ts":1711369893,"expir_ts":1711400400},{"init_value":1.0,"deriv_term_value":1.0,"terminal_value":0.9703012520481104,"strike":68000.0,"start_ts":1711369893,"expir_ts":1711400400},{"init_value":1.0,"deriv_term_value":0.0,"terminal_value":0.5220877765210221,"strike":71000.0,"start_ts":1711375102,"expir_ts":1711400400},{"init_value":1.0,"deriv_term_value":1.0,"terminal_value":0.8685080951471228,"strike":66500.0,"start_ts":1711369893,"expir_ts":1711400400},{"init_value":1.0,"deriv_term_value":1.0,"terminal_value":0.8697846453760708,"strike":67500.0,"start_ts":1711369893,"expir_ts":1711400400},{"init_value":1.0,"deriv_term_value":0.0,"terminal_value":0.9618288027595745,"strike":72500.0,"start_ts":1711973068,"expir_ts":1712005200},{"init_value":1.0,"deriv_term_value":1.0,"terminal_value":0.9280939505482173,"strike":67000.0,"start_ts":1711973067,"expir_ts":1712005200},{"init_value":1.0,"deriv_term_value":0.0,"terminal_value":0.8714733929419776,"strike":71500.0,"start_ts":1711973068,"expir_ts":1712005200},{"init_value":1.0,"deriv_term_value":1.0,"terminal_value":1.009369476430746,"strike":68500.0,"start_ts":1711973067,"expir_ts":1712005200},{"init_value":1.0,"deriv_term_value":1.0,"terminal_value":1.1749507902551521,"strike":69500.0,"start_ts":1711973067,"expir_ts":1712005200},{"init_value":1.0,"deriv_term_value":0.0,"terminal_value":0.8646740351801253,"strike":70500.0,"start_ts":1711973068,"expir_ts":1712005200},{"init_value":1.0,"deriv_term_value":0.0,"terminal_value":0.7445635500540555,"strike":70000.0,"start_ts":1711973068,"expir_ts":1712005200},{"init_value":1.0,"deriv_term_value":1.0,"terminal_value":1.2013845238248098,"strike":69000.0,"start_ts":1711973067,"expir_ts":1712005200},{"init_value":1.0,"deriv_term_value":1.0,"terminal_value":0.9561952049970809,"strike":68000.0,"start_ts":1711973067,"expir_ts":1712005200},{"init_value":1.0,"deriv_term_value":0.0,"terminal_value":0.8406327876939435,"strike":71000.0,"start_ts":1711970477,"expir_ts":1712005200},{"init_value":1.0,"deriv_term_value":1.0,"terminal_value":0.9188564673641613,"strike":66500.0,"start_ts":1711973067,"expir_ts":1712005200},{"init_value":1.0,"deriv_term_value":0.0,"terminal_value":0.907979738622258,"strike":72000.0,"start_ts":1711973068,"expir_ts":1712005200},{"init_value":1.0,"deriv_term_value":1.0,"terminal_value":0.9986934180776057,"strike":67500.0,"start_ts":1711973067,"expir_ts":1712005200},{"init_value":1.0,"deriv_term_value":0.0,"terminal_value":1.0421518310612052,"strike":62500.0,"start_ts":1714478403,"expir_ts":1714510800},{"init_value":1.0,"deriv_term_value":1.0,"terminal_value":1.1478889513853425,"strike":59000.0,"start_ts":1714478403,"expir_ts":1714510800},{"init_value":1.0,"deriv_term_value":0.0,"terminal_value":1.1346628004123427,"strike":61500.0,"start_ts":1714478403,"expir_ts":1714510800},{"init_value":1.0,"deriv_term_value":0.0,"terminal_value":1.028014195298375,"strike":60500.0,"start_ts":1714478403,"expir_ts":1714510800},{"init_value":1.0,"deriv_term_value":0.0,"terminal_value":0.6307269806643043,"strike":60000.0,"start_ts":1714478403,"expir_ts":1714510800},{"init_value":1.0,"deriv_term_value":0.0,"terminal_value":0.9126754565753081,"strike":61000.0,"start_ts":1714478403,"expir_ts":1714510800},{"init_value":1.0,"deriv_term_value":0.0,"terminal_value":1.0595584157365119,"strike":63000.0,"start_ts":1714478403,"expir_ts":1714510800},{"init_value":1.0,"deriv_term_value":1.0,"terminal_value":1.2277189396797303,"strike":59500.0,"start_ts":1714478403,"expir_ts":1714510800},{"init_value":1.0,"deriv_term_value":0.0,"terminal_value":1.0613036324784557,"strike":62000.0,"start_ts":1714478403,"expir_ts":1714510800},{"init_value":1.0,"deriv_term_value":1.0,"terminal_value":1.03,"strike":58500.0,"start_ts":1714478476,"expir_ts":1714510800},{"init_value":1.0,"deriv_term_value":1.0,"terminal_value":1.4832280760226952,"strike":62500.0,"start_ts":1714737691,"expir_ts":1714770000},{"init_value":1.0,"deriv_term_value":1.0,"terminal_value":0.590007842967602,"strike":59000.0,"start_ts":1714737630,"expir_ts":1714770000},{"init_value":1.0,"deriv_term_value":0.0,"terminal_value":0.8202652126416364,"strike":63500.0,"start_ts":1714737688,"expir_ts":1714770000},{"init_value":1.0,"deriv_term_value":1.0,"terminal_value":0.5540013191974511,"strike":61500.0,"start_ts":1714737691,"expir_ts":1714770000},{"init_value":1.0,"deriv_term_value":1.0,"terminal_value":0.938192526744161,"strike":60500.0,"start_ts":1714737631,"expir_ts":1714770000},{"init_value":1.0,"deriv_term_value":1.0,"terminal_value":0.7228979515462058,"strike":60000.0,"start_ts":1714737630,"expir_ts":1714770000},{"init_value":1.0,"deriv_term_value":1.0,"terminal_value":0.7856420504376229,"strike":61000.0,"start_ts":1714737631,"expir_ts":1714770000},{"init_value":1.0,"deriv_term_value":0.0,"terminal_value":0.734825898221713,"strike":63000.0,"start_ts":1714737694,"expir_ts":1714769999},{"init_value":1.0,"deriv_term_value":1.0,"terminal_value":0.8177555957974186,"strike":59500.0,"start_ts":1714737630,"expir_ts":1714770000},{"init_value":1.0,"deriv_term_value":1.0,"terminal_value":1.6109228307236538,"strike":62000.0,"start_ts":1714737692,"expir_ts":1714770000},{"init_value":1.0,"deriv_term_value":1.0,"terminal_value":1.056383456189276,"strike":68750.0,"start_ts":1712577655,"expir_ts":1712610000},{"init_value":1.0,"deriv_term_value":0.0,"terminal_value":0.9239708001245316,"strike":74250.0,"start_ts":1712585156,"expir_ts":1712610000},{"init_value":1.0,"deriv_term_value":0.0,"terminal_value":0.17636771869646448,"strike":71750.0,"start_ts":1712580434,"expir_ts":1712610000},{"init_value":1.0,"deriv_term_value":1.0,"terminal_value":1.2258958517182312,"strike":70750.0,"start_ts":1712579613,"expir_ts":1712610000},{"init_value":1.0,"deriv_term_value":1.0,"terminal_value":1.1370993095801283,"strike":69750.0,"start_ts":1712580433,"expir_ts":1712610000},{"init_value":1.0,"deriv_term_value":0.0,"terminal_value":0.801109367049252,"strike":72750.0,"start_ts":1712578698,"expir_ts":1712610000},{"init_value":1.0,"deriv_term_value":0.0,"terminal_value":0.8889081940980994,"strike":73750.0,"start_ts":1712585156,"expir_ts":1712610000},{"init_value":1.0,"deriv_term_value":0.0,"terminal_value":0.8486277125600642,"strike":73250.0,"start_ts":1712585156,"expir_ts":1712610000},{"init_value":1.0,"deriv_term_value":0.0,"terminal_value":0.9466017707383838,"strike":72250.0,"start_ts":1712580434,"expir_ts":1712610000},{"init_value":1.0,"deriv_term_value":1.0,"terminal_value":1.1012217302997902,"strike":69250.0,"start_ts":1712580433,"expir_ts":1712610000},{"init_value":1.0,"deriv_term_value":1.0,"terminal_value":1.1869945691651849,"strike":70250.0,"start_ts":1712577655,"expir_ts":1712610000},{"init_value":1.0,"deriv_term_value":1.0,"terminal_value":1.3078767608424657,"strike":71250.0,"start_ts":1712580434,"expir_ts":1712610000},{"init_value":1.0,"deriv_term_value":1.0,"terminal_value":1.0884912405139533,"strike":57750.0,"start_ts":1714651209,"expir_ts":1714683600},{"init_value":1.0,"deriv_term_value":0.0,"terminal_value":1.0130037926318474,"strike":60750.0,"start_ts":1714651209,"expir_ts":1714683600},{"init_value":1.0,"deriv_term_value":1.0,"terminal_value":1.0240055886672403,"strike":56750.0,"start_ts":1714651208,"expir_ts":1714683600},{"init_value":1.0,"deriv_term_value":1.0,"terminal_value":1.0834521011505036,"strike":58250.0,"start_ts":1714651209,"expir_ts":1714683600},{"init_value":1.0,"deriv_term_value":0.0,"terminal_value":0.9158683732880095,"strike":59250.0,"start_ts":1714651209,"expir_ts":1714683600},{"init_value":1.0,"deriv_term_value":0.0,"terminal_value":1.1886966850961775,"strike":59750.0,"start_ts":1714651209,"expir_ts":1714683600},{"init_value":1.0,"deriv_term_value":0.0,"terminal_value":0.26992594024264965,"strike":58750.0,"start_ts":1714651209,"expir_ts":1714683600},{"init_value":1.0,"deriv_term_value":0.0,"terminal_value":1.0548313072684437,"strike":60250.0,"start_ts":1714651209,"expir_ts":1714683600},{"init_value":1.0,"deriv_term_value":1.0,"terminal_value":1.032153182873202,"strike":68750.0,"start_ts":1712666572,"expir_ts":1712696400},{"init_value":1.0,"deriv_term_value":0.0,"terminal_value":1.0257278928823608,"strike":71750.0,"start_ts":1712666573,"expir_ts":1712696399},{"init_value":1.0,"deriv_term_value":0.0,"terminal_value":0.587610607380836,"strike":70750.0,"start_ts":1712664340,"expir_ts":1712696399},{"init_value":1.0,"deriv_term_value":0.0,"terminal_value":0.8507623535251688,"strike":69750.0,"start_ts":1712666573,"expir_ts":1712696399},{"init_value":1.0,"deriv_term_value":1.0,"terminal_value":0.977370270289557,"strike":67250.0,"start_ts":1712673459,"expir_ts":1712696400},{"init_value":1.0,"deriv_term_value":1.0,"terminal_value":0.916805427060596,"strike":67750.0,"start_ts":1712671050,"expir_ts":1712696400},{"init_value":1.0,"deriv_term_value":0.0,"terminal_value":1.4093888780257688,"strike":69250.0,"start_ts":1712666573,"expir_ts":1712696399},{"init_value":1.0,"deriv_term_value":0.0,"terminal_value":1.0244009631138824,"strike":70250.0,"start_ts":1712666573,"expir_ts":1712696399},{"init_value":1.0,"deriv_term_value":0.0,"terminal_value":1.0004205156413364,"strike":71250.0,"start_ts":1712664306,"expir_ts":1712696399},{"init_value":1.0,"deriv_term_value":1.0,"terminal_value":0.6943150695214484,"strike":68250.0,"start_ts":1712666572,"expir_ts":1712696400},{"init_value":1.0,"deriv_term_value":1.0,"terminal_value":1.2665579383575587,"strike":67000.0,"start_ts":1716984005,"expir_ts":1717016400},{"init_value":1.0,"deriv_term_value":0.0,"terminal_value":0.9741075505848865,"strike":68500.0,"start_ts":1716984003,"expir_ts":1717016400},{"init_value":1.0,"deriv_term_value":0.0,"terminal_value":0.9235133860190208,"strike":68000.0,"start_ts":1716984005,"expir_ts":1717016400},{"init_value":1.0,"deriv_term_value":1.0,"terminal_value":1.0929538146011826,"strike":66500.0,"start_ts":1716984005,"expir_ts":1717016400},{"init_value":1.0,"deriv_term_value":0.0,"terminal_value":0.43726622392322434,"strike":67500.0,"start_ts":1716984005,"expir_ts":1717016400},{"init_value":1.0,"deriv_term_value":1.0,"terminal_value":1.0240144239774431,"strike":64250.0,"start_ts":1713787272,"expir_ts":1713819600},{"init_value":1.0,"deriv_term_value":1.0,"terminal_value":1.1064779767760229,"strike":65250.0,"start_ts":1713787273,"expir_ts":1713819600},{"init_value":1.0,"deriv_term_value":0.0,"terminal_value":0.7896669048896986,"strike":67250.0,"start_ts":1713787273,"expir_ts":1713819600},{"init_value":1.0,"deriv_term_value":1.0,"terminal_value":1.3945798325600616,"strike":66250.0,"start_ts":1713787273,"expir_ts":1713819600},{"init_value":1.0,"deriv_term_value":1.0,"terminal_value":0.997838887453345,"strike":63750.0,"start_ts":1713787272,"expir_ts":1713819600},{"init_value":1.0,"deriv_term_value":0.0,"terminal_value":0.6106816893122533,"strike":66750.0,"start_ts":1713787273,"expir_ts":1713819600},{"init_value":1.0,"deriv_term_value":0.0,"terminal_value":0.8882276590038231,"strike":67750.0,"start_ts":1713787273,"expir_ts":1713819600},{"init_value":1.0,"deriv_term_value":1.0,"terminal_value":1.0727879390637476,"strike":65750.0,"start_ts":1713787273,"expir_ts":1713819600},{"init_value":1.0,"deriv_term_value":1.0,"terminal_value":1.0558226575106076,"strike":64750.0,"start_ts":1713787272,"expir_ts":1713819600},{"init_value":1.0,"deriv_term_value":0.0,"terminal_value":0.9214391268476421,"strike":68250.0,"start_ts":1713787273,"expir_ts":1713819600},{"init_value":1.0,"deriv_term_value":0.0,"terminal_value":0.9346506638755223,"strike":67000.0,"start_ts":1715860800,"expir_ts":1715893200},{"init_value":1.0,"deriv_term_value":0.0,"terminal_value":0.78504954523936,"strike":66000.0,"start_ts":1715860800,"expir_ts":1715893200},{"init_value":1.0,"deriv_term_value":1.0,"terminal_value":1.0655879964369923,"strike":64000.0,"start_ts":1715860800,"expir_ts":1715893200},{"init_value":1.0,"deriv_term_value":1.0,"terminal_value":1.366559207545058,"strike":65000.0,"start_ts":1715860800,"expir_ts":1715893200},{"init_value":1.0,"deriv_term_value":0.0,"terminal_value":0.5467643260281903,"strike":65500.0,"start_ts":1715860800,"expir_ts":1715893200},{"init_value":1.0,"deriv_term_value":0.0,"terminal_value":1.034990004138652,"strike":68000.0,"start_ts":1715860800,"expir_ts":1715893200},{"init_value":1.0,"deriv_term_value":1.0,"terminal_value":1.1226783871446253,"strike":64500.0,"start_ts":1715860800,"expir_ts":1715893200},{"init_value":1.0,"deriv_term_value":0.0,"terminal_value":0.818348827147343,"strike":66500.0,"start_ts":1715860800,"expir_ts":1715893200},{"init_value":1.0,"deriv_term_value":1.0,"terminal_value":1.285032836482131,"strike":64250.0,"start_ts":1714046409,"expir_ts":1714078800},{"init_value":1.0,"deriv_term_value":1.0,"terminal_value":0.8784691922851456,"strike":61750.0,"start_ts":1714046413,"expir_ts":1714078800},{"init_value":1.0,"deriv_term_value":0.0,"terminal_value":0.8196968217139201,"strike":65250.0,"start_ts":1714046413,"expir_ts":1714078800},{"init_value":1.0,"deriv_term_value":1.0,"terminal_value":0.9100499415210918,"strike":62750.0,"start_ts":1714046413,"expir_ts":1714078800},{"init_value":1.0,"deriv_term_value":1.0,"terminal_value":1.1685941865254907,"strike":63750.0,"start_ts":1714046413,"expir_ts":1714078800},{"init_value":1.0,"deriv_term_value":1.0,"terminal_value":0.8726590869038224,"strike":63250.0,"start_ts":1714043353,"expir_ts":1714078800},{"init_value":1.0,"deriv_term_value":1.0,"terminal_value":0.928852102688256,"strike":62250.0,"start_ts":1714046413,"expir_ts":1714078800},{"init_value":1.0,"deriv_term_value":0.0,"terminal_value":0.8495877807507316,"strike":65750.0,"start_ts":1714046413,"expir_ts":1714078800},{"init_value":1.0,"deriv_term_value":1.0,"terminal_value":1.4267599200626448,"strike":64750.0,"start_ts":1714046413,"expir_ts":1714078800},{"init_value":1.0,"deriv_term_value":1.0,"terminal_value":1.072991004469488,"strike":68750.0,"start_ts":1716206404,"expir_ts":1716238800},{"init_value":1.0,"deriv_term_value":0.0,"terminal_value":0.734000315050839,"strike":69750.0,"start_ts":1716206403,"expir_ts":1716238800},{"init_value":1.0,"deriv_term_value":1.0,"terminal_value":0.9170324945918896,"strike":67250.0,"start_ts":1716206404,"expir_ts":1716238800},{"init_value":1.0,"deriv_term_value":1.0,"terminal_value":0.745716315033718,"strike":66250.0,"start_ts":1716206404,"expir_ts":1716238800},{"init_value":1.0,"deriv_term_value":1.0,"terminal_value":0.7933127815694099,"strike":66750.0,"start_ts":1716206403,"expir_ts":1716238800},{"init_value":1.0,"deriv_term_value":1.0,"terminal_value":0.723499844966201,"strike":67750.0,"start_ts":1716206404,"expir_ts":1716238800},{"init_value":1.0,"deriv_term_value":1.0,"terminal_value":1.3229512966548342,"strike":69250.0,"start_ts":1716206401,"expir_ts":1716238800},{"init_value":1.0,"deriv_term_value":1.0,"terminal_value":0.7538260001832457,"strike":65750.0,"start_ts":1716206404,"expir_ts":1716238800},{"init_value":1.0,"deriv_term_value":0.0,"terminal_value":1.0436274177129439,"strike":70250.0,"start_ts":1716225409,"expir_ts":1716238800},{"init_value":1.0,"deriv_term_value":1.0,"terminal_value":0.9823471283401529,"strike":68250.0,"start_ts":1716206400,"expir_ts":1716238800},{"init_value":1.0,"deriv_term_value":1.0,"terminal_value":1.0757037222954633,"strike":68750.0,"start_ts":1716292803,"expir_ts":1716325200},{"init_value":1.0,"deriv_term_value":0.0,"terminal_value":0.9868099432611417,"strike":71750.0,"start_ts":1716292803,"expir_ts":1716325200},{"init_value":1.0,"deriv_term_value":0.0,"terminal_value":0.9438595505932198,"strike":70750.0,"start_ts":1716292801,"expir_ts":1716325200},{"init_value":1.0,"deriv_term_value":0.0,"terminal_value":0.4565005913099049,"strike":69750.0,"start_ts":1716292801,"expir_ts":1716325200},{"init_value":1.0,"deriv_term_value":0.0,"terminal_value":0.9749946261542197,"strike":72250.0,"start_ts":1716292803,"expir_ts":1716325200},{"init_value":1.0,"deriv_term_value":1.0,"terminal_value":1.353410773113607,"strike":69250.0,"start_ts":1716292803,"expir_ts":1716325200},{"init_value":1.0,"deriv_term_value":0.0,"terminal_value":0.8195952394377446,"strike":70250.0,"start_ts":1716292800,"expir_ts":1716325200},{"init_value":1.0,"deriv_term_value":0.0,"terminal_value":0.8394797146817184,"strike":71250.0,"start_ts":1716292802,"expir_ts":1716325200},{"init_value":1.0,"deriv_term_value":0.0,"terminal_value":1.0757537137055793,"strike":67000.0,"start_ts":1713182409,"expir_ts":1713214800},{"init_value":1.0,"deriv_term_value":0.0,"terminal_value":0.665553975963104,"strike":63500.0,"start_ts":1713204224,"expir_ts":1713214800},{"init_value":1.0,"deriv_term_value":0.0,"terminal_value":0.9481610122447051,"strike":66000.0,"start_ts":1713182409,"expir_ts":1713214800},{"init_value":1.0,"deriv_term_value":0.0,"terminal_value":0.983119302129777,"strike":64000.0,"start_ts":1713204224,"expir_ts":1713214800},{"init_value":1.0,"deriv_term_value":0.0,"terminal_value":1.1666072781656298,"strike":68500.0,"start_ts":1713182409,"expir_ts":1713214800},{"init_value":1.0,"deriv_term_value":0.0,"terminal_value":1.1667867787596493,"strike":65000.0,"start_ts":1713182409,"expir_ts":1713214800},{"init_value":1.0,"deriv_term_value":0.0,"terminal_value":1.209487321396293,"strike":65500.0,"start_ts":1713182409,"expir_ts":1713214800},{"init_value":1.0,"deriv_term_value":0.0,"terminal_value":1.1196433919261444,"strike":68000.0,"start_ts":1713182409,"expir_ts":1713214800},{"init_value":1.0,"deriv_term_value":0.0,"terminal_value":1.0169023397621708,"strike":64500.0,"start_ts":1713182409,"expir_ts":1713214800},{"init_value":1.0,"deriv_term_value":1.0,"terminal_value":1.1240302979773873,"strike":63000.0,"start_ts":1713204224,"expir_ts":1713214800},{"init_value":1.0,"deriv_term_value":0.0,"terminal_value":1.127153211616519,"strike":66500.0,"start_ts":1713182409,"expir_ts":1713214800},{"init_value":1.0,"deriv_term_value":0.0,"terminal_value":1.1153777121465618,"strike":67500.0,"start_ts":1713182409,"expir_ts":1713214800},{"init_value":1.0,"deriv_term_value":0.0,"terminal_value":1.0095457999089006,"strike":68750.0,"start_ts":1712923203,"expir_ts":1712955600},{"init_value":1.0,"deriv_term_value":0.0,"terminal_value":1.2202233565845897,"strike":71750.0,"start_ts":1712923204,"expir_ts":1712955600},{"init_value":1.0,"deriv_term_value":1.0,"terminal_value":0.8274595456763431,"strike":65250.0,"start_ts":1712927939,"expir_ts":1712955600},{"init_value":1.0,"deriv_term_value":0.0,"terminal_value":1.2509659860294138,"strike":70750.0,"start_ts":1712923204,"expir_ts":1712955600},{"init_value":1.0,"deriv_term_value":0.0,"terminal_value":1.0571337823541398,"strike":69750.0,"start_ts":1712923204,"expir_ts":1712955600},{"init_value":1.0,"deriv_term_value":0.0,"terminal_value":-0.2860867408826721,"strike":67250.0,"start_ts":1712933547,"expir_ts":1712955600},{"init_value":1.0,"deriv_term_value":1.0,"terminal_value":0.6966631554005249,"strike":66250.0,"start_ts":1712939009,"expir_ts":1712955600},{"init_value":1.0,"deriv_term_value":1.0,"terminal_value":1.040881571714418,"strike":66750.0,"start_ts":1712939009,"expir_ts":1712955600},{"init_value":1.0,"deriv_term_value":0.0,"terminal_value":-0.05063432606289742,"strike":67750.0,"start_ts":1712929284,"expir_ts":1712955600},{"init_value":1.0,"deriv_term_value":0.0,"terminal_value":1.1024659653844535,"strike":69250.0,"start_ts":1712923203,"expir_ts":1712955600},{"init_value":1.0,"deriv_term_value":1.0,"terminal_value":0.9904100818174892,"strike":65750.0,"start_ts":1712939009,"expir_ts":1712955600},{"init_value":1.0,"deriv_term_value":0.0,"terminal_value":1.2509292349742374,"strike":70250.0,"start_ts":1712923204,"expir_ts":1712955600},{"init_value":1.0,"deriv_term_value":0.0,"terminal_value":1.192797084561109,"strike":71250.0,"start_ts":1712923204,"expir_ts":1712955600},{"init_value":1.0,"deriv_term_value":0.0,"terminal_value":1.0101953572119708,"strike":68250.0,"start_ts":1712925620,"expir_ts":1712955600},{"init_value":1.0,"deriv_term_value":0.0,"terminal_value":1.1425735484660953,"strike":67000.0,"start_ts":1713960011,"expir_ts":1713992400},{"init_value":1.0,"deriv_term_value":1.0,"terminal_value":1.1438599219088827,"strike":63500.0,"start_ts":1713968810,"expir_ts":1713992400},{"init_value":1.0,"deriv_term_value":0.0,"terminal_value":1.069307011428999,"strike":66000.0,"start_ts":1713960011,"expir_ts":1713992400},{"init_value":1.0,"deriv_term_value":1.0,"terminal_value":1.3989022783751976,"strike":64000.0,"start_ts":1713963790,"expir_ts":1713992400},{"init_value":1.0,"deriv_term_value":0.0,"terminal_value":0.8328678253847545,"strike":65000.0,"start_ts":1713960011,"expir_ts":1713992400},{"init_value":1.0,"deriv_term_value":0.0,"terminal_value":1.0790159175055056,"strike":65500.0,"start_ts":1713960011,"expir_ts":1713992400},{"init_value":1.0,"deriv_term_value":0.0,"terminal_value":1.176817214198528,"strike":68000.0,"start_ts":1713960011,"expir_ts":1713992400},{"init_value":1.0,"deriv_term_value":0.0,"terminal_value":0.7754142201554955,"strike":64500.0,"start_ts":1713960011,"expir_ts":1713992400},{"init_value":1.0,"deriv_term_value":1.0,"terminal_value":1.1249446290220892,"strike":63000.0,"start_ts":1713969136,"expir_ts":1713992400},{"init_value":1.0,"deriv_term_value":0.0,"terminal_value":1.152475158083691,"strike":66500.0,"start_ts":1713960011,"expir_ts":1713992400},{"init_value":1.0,"deriv_term_value":0.0,"terminal_value":1.1586706862931961,"strike":67500.0,"start_ts":1713960011,"expir_ts":1713992400},{"init_value":1.0,"deriv_term_value":0.0,"terminal_value":1.0465640640460765,"strike":61750.0,"start_ts":1715342400,"expir_ts":1715374800},{"init_value":1.0,"deriv_term_value":0.0,"terminal_value":0.5195866725932256,"strike":60750.0,"start_ts":1715342400,"expir_ts":1715374800},{"init_value":1.0,"deriv_term_value":0.0,"terminal_value":1.1152222960651628,"strike":62750.0,"start_ts":1715342400,"expir_ts":1715374800},{"init_value":1.0,"deriv_term_value":0.0,"terminal_value":1.2343661528090175,"strike":63750.0,"start_ts":1715342400,"expir_ts":1715374800},{"init_value":1.0,"deriv_term_value":0.0,"terminal_value":1.2103318231488287,"strike":63250.0,"start_ts":1715342400,"expir_ts":1715374800},{"init_value":1.0,"deriv_term_value":1.0,"terminal_value":1.029653324448056,"strike":59750.0,"start_ts":1715342400,"expir_ts":1715374800},{"init_value":1.0,"deriv_term_value":0.0,"terminal_value":1.1384595901354033,"strike":62250.0,"start_ts":1715342400,"expir_ts":1715374800},{"init_value":1.0,"deriv_term_value":1.0,"terminal_value":1.243398797024771,"strike":60250.0,"start_ts":1715342400,"expir_ts":1715374800},{"init_value":1.0,"deriv_term_value":0.0,"terminal_value":0.8134324241265097,"strike":61250.0,"start_ts":1715342400,"expir_ts":1715374800},{"init_value":1.0,"deriv_term_value":1.0,"terminal_value":0.9450314939414515,"strike":67000.0,"start_ts":1716897606,"expir_ts":1716930000},{"init_value":1.0,"deriv_term_value":0.0,"terminal_value":0.6917067505558597,"strike":68500.0,"start_ts":1716897606,"expir_ts":1716930000},{"init_value":1.0,"deriv_term_value":0.0,"terminal_value":0.8453269560881173,"strike":69500.0,"start_ts":1716897606,"expir_ts":1716930000},{"init_value":1.0,"deriv_term_value":0.0,"terminal_value":0.86623183952473,"strike":69000.0,"start_ts":1716897605,"expir_ts":1716930000},{"init_value":1.0,"deriv_term_value":1.0,"terminal_value":1.3190967226032768,"strike":68000.0,"start_ts":1716897602,"expir_ts":1716930000},{"init_value":1.0,"deriv_term_value":1.0,"terminal_value":0.9488544718795462,"strike":66500.0,"start_ts":1716897606,"expir_ts":1716930000},{"init_value":1.0,"deriv_term_value":1.0,"terminal_value":1.1455078045130729,"strike":67500.0,"start_ts":1716897602,"expir_ts":1716930000},{"init_value":1.0,"deriv_term_value":1.0,"terminal_value":1.052489275508957,"strike":65250.0,"start_ts":1715947220,"expir_ts":1715979599},{"init_value":1.0,"deriv_term_value":0.0,"terminal_value":0.691986627407776,"strike":67250.0,"start_ts":1715947220,"expir_ts":1715979599},{"init_value":1.0,"deriv_term_value":1.0,"terminal_value":1.0181544016706137,"strike":66250.0,"start_ts":1715947220,"expir_ts":1715979599},{"init_value":1.0,"deriv_term_value":1.0,"terminal_value":1.281304994749762,"strike":66750.0,"start_ts":1715947220,"expir_ts":1715979599},{"init_value":1.0,"deriv_term_value":0.0,"terminal_value":0.8763894267992833,"strike":67750.0,"start_ts":1715947220,"expir_ts":1715979599},{"init_value":1.0,"deriv_term_value":1.0,"terminal_value":1.001679385752239,"strike":65750.0,"start_ts":1715947220,"expir_ts":1715979599},{"init_value":1.0,"deriv_term_value":1.0,"terminal_value":1.012107060208737,"strike":64750.0,"start_ts":1715947220,"expir_ts":1715979599},{"init_value":1.0,"deriv_term_value":0.0,"terminal_value":0.9450708425472495,"strike":68250.0,"start_ts":1715947220,"expir_ts":1715979599},{"init_value":1.0,"deriv_term_value":0.0,"terminal_value":0.8204422406839944,"strike":67000.0,"start_ts":1713873607,"expir_ts":1713906000},{"init_value":1.0,"deriv_term_value":1.0,"terminal_value":1.188632842728806,"strike":66000.0,"start_ts":1713873635,"expir_ts":1713905999},{"init_value":1.0,"deriv_term_value":0.0,"terminal_value":1.012693544612264,"strike":68500.0,"start_ts":1713873899,"expir_ts":1713906000},{"init_value":1.0,"deriv_term_value":1.0,"terminal_value":1.1271569134640622,"strike":65000.0,"start_ts":1713873635,"expir_ts":1713905999},{"init_value":1.0,"deriv_term_value":1.0,"terminal_value":1.158332430686165,"strike":65500.0,"start_ts":1713873635,"expir_ts":1713905999},{"init_value":1.0,"deriv_term_value":0.0,"terminal_value":0.9652213003459159,"strike":68000.0,"start_ts":1713873635,"expir_ts":1713905999},{"init_value":1.0,"deriv_term_value":0.0,"terminal_value":0.511050875233679,"strike":66500.0,"start_ts":1713873635,"expir_ts":1713905999},{"init_value":1.0,"deriv_term_value":0.0,"terminal_value":0.9791491126273815,"strike":67500.0,"start_ts":1713873635,"expir_ts":1713905999},{"init_value":1.0,"deriv_term_value":0.0,"terminal_value":0.30017094043259135,"strike":71500.0,"start_ts":1717588805,"expir_ts":1717621200},{"init_value":1.0,"deriv_term_value":1.0,"terminal_value":1.0309571461665368,"strike":69500.0,"start_ts":1717588803,"expir_ts":1717621200},{"init_value":1.0,"deriv_term_value":1.0,"terminal_value":1.1724258376676409,"strike":70500.0,"start_ts":1717588805,"expir_ts":1717621200},{"init_value":1.0,"deriv_term_value":1.0,"terminal_value":1.398845802611444,"strike":71000.0,"start_ts":1717588803,"expir_ts":1717621200},{"init_value":1.0,"deriv_term_value":0.0,"terminal_value":0.9779531425203415,"strike":72000.0,"start_ts":1717588805,"expir_ts":1717621200},{"init_value":1.0,"deriv_term_value":1.0,"terminal_value":1.3854937150413702,"strike":68750.0,"start_ts":1717416002,"expir_ts":1717448400},{"init_value":1.0,"deriv_term_value":0.0,"terminal_value":0.973394459182974,"strike":70750.0,"start_ts":1717416006,"expir_ts":1717448400},{"init_value":1.0,"deriv_term_value":0.0,"terminal_value":0.9176099789347117,"strike":69750.0,"start_ts":1717416000,"expir_ts":1717448400},{"init_value":1.0,"deriv_term_value":1.0,"terminal_value":1.0486620131867794,"strike":67750.0,"start_ts":1717416002,"expir_ts":1717448400},{"init_value":1.0,"deriv_term_value":0.0,"terminal_value":0.43091175249632563,"strike":69250.0,"start_ts":1717416003,"expir_ts":1717448400},{"init_value":1.0,"deriv_term_value":0.0,"terminal_value":1.0195856401577066,"strike":70250.0,"start_ts":1717416002,"expir_ts":1717448400},{"init_value":1.0,"deriv_term_value":1.0,"terminal_value":1.118332475810426,"strike":68250.0,"start_ts":1717416000,"expir_ts":1717448400},{"init_value":1.0,"deriv_term_value":0.0,"terminal_value":1.0629448302970879,"strike":71500.0,"start_ts":1717502402,"expir_ts":1717534800},{"init_value":1.0,"deriv_term_value":1.0,"terminal_value":0.9105339252286178,"strike":68500.0,"start_ts":1717502401,"expir_ts":1717534800},{"init_value":1.0,"deriv_term_value":1.0,"terminal_value":1.003877136890706,"strike":69500.0,"start_ts":1717502405,"expir_ts":1717534800},{"init_value":1.0,"deriv_term_value":0.0,"terminal_value":0.4999661321195922,"strike":70500.0,"start_ts":1717502405,"expir_ts":1717534800},{"init_value":1.0,"deriv_term_value":1.0,"terminal_value":1.2544071063762736,"strike":70000.0,"start_ts":1717502405,"expir_ts":1717534800},{"init_value":1.0,"deriv_term_value":1.0,"terminal_value":0.965582261968044,"strike":69000.0,"start_ts":1717502401,"expir_ts":1717534800},{"init_value":1.0,"deriv_term_value":1.0,"terminal_value":0.8874891758132892,"strike":68000.0,"start_ts":1717502405,"expir_ts":1717534800},{"init_value":1.0,"deriv_term_value":0.0,"terminal_value":0.9430530474639187,"strike":71000.0,"start_ts":1717502405,"expir_ts":1717534800},{"init_value":1.0,"deriv_term_value":0.0,"terminal_value":1.073767396352933,"strike":72000.0,"start_ts":1717502400,"expir_ts":1717534800},{"init_value":1.0,"deriv_term_value":1.0,"terminal_value":0.6165134147310521,"strike":62500.0,"start_ts":1710936130,"expir_ts":1710968400},{"init_value":1.0,"deriv_term_value":1.0,"terminal_value":1.6435633460885772,"strike":67000.0,"start_ts":1710936130,"expir_ts":1710968400},{"init_value":1.0,"deriv_term_value":1.0,"terminal_value":0.23566234463392233,"strike":63500.0,"start_ts":1710936130,"expir_ts":1710968400},{"init_value":1.0,"deriv_term_value":1.0,"terminal_value":0.9432466759411656,"strike":66000.0,"start_ts":1710936130,"expir_ts":1710968400},{"init_value":1.0,"deriv_term_value":1.0,"terminal_value":0.7478335457548216,"strike":61500.0,"start_ts":1710936129,"expir_ts":1710968400},{"init_value":1.0,"deriv_term_value":1.0,"terminal_value":0.8295868027873764,"strike":64000.0,"start_ts":1710936130,"expir_ts":1710968400},{"init_value":1.0,"deriv_term_value":1.0,"terminal_value":0.7860117816472945,"strike":65000.0,"start_ts":1710936130,"expir_ts":1710968400},{"init_value":1.0,"deriv_term_value":1.0,"terminal_value":0.7644298067948045,"strike":65500.0,"start_ts":1710936130,"expir_ts":1710968400},{"init_value":1.0,"deriv_term_value":1.0,"terminal_value":0.7102691083101837,"strike":61000.0,"start_ts":1710936129,"expir_ts":1710968400},{"init_value":1.0,"deriv_term_value":1.0,"terminal_value":0.8853613122343512,"strike":64500.0,"start_ts":1710936130,"expir_ts":1710968400},{"init_value":1.0,"deriv_term_value":1.0,"terminal_value":0.7152599067259997,"strike":63000.0,"start_ts":1710936130,"expir_ts":1710968400},{"init_value":1.0,"deriv_term_value":1.0,"terminal_value":1.3864615101359261,"strike":66500.0,"start_ts":1710936130,"expir_ts":1710968400},{"init_value":1.0,"deriv_term_value":1.0,"terminal_value":0.7693508743960511,"strike":62000.0,"start_ts":1710936130,"expir_ts":1710968400},{"init_value":1.0,"deriv_term_value":0.0,"terminal_value":1.011294757614612,"strike":68750.0,"start_ts":1710763393,"expir_ts":1710791999},{"init_value":1.0,"deriv_term_value":0.0,"terminal_value":0.3977627624297979,"strike":67000.0,"start_ts":1710763392,"expir_ts":1710792000},{"init_value":1.0,"deriv_term_value":0.0,"terminal_value":1.082031311523811,"strike":69750.0,"start_ts":1710763393,"expir_ts":1710791999},{"init_value":1.0,"deriv_term_value":0.0,"terminal_value":0.5451986333972582,"strike":67250.0,"start_ts":1710763392,"expir_ts":1710792000},{"init_value":1.0,"deriv_term_value":0.0,"terminal_value":1.0364701959985858,"strike":68500.0,"start_ts":1710763393,"expir_ts":1710791999},{"init_value":1.0,"deriv_term_value":0.0,"terminal_value":1.0545773143480834,"strike":69500.0,"start_ts":1710763393,"expir_ts":1710791999},{"init_value":1.0,"deriv_term_value":1.0,"terminal_value":1.3583237062167022,"strike":66750.0,"start_ts":1710763392,"expir_ts":1710792000},{"init_value":1.0,"deriv_term_value":0.0,"terminal_value":1.0645337081159874,"strike":70000.0,"start_ts":1710763393,"expir_ts":1710791999},{"init_value":1.0,"deriv_term_value":0.0,"terminal_value":1.0864117472907093,"strike":69000.0,"start_ts":1710763393,"expir_ts":1710791999},{"init_value":1.0,"deriv_term_value":0.0,"terminal_value":1.0094104138075584,"strike":68000.0,"start_ts":1710763392,"expir_ts":1710792000},{"init_value":1.0,"deriv_term_value":0.0,"terminal_value":1.0734209372676315,"strike":67750.0,"start_ts":1710763392,"expir_ts":1710792000},{"init_value":1.0,"deriv_term_value":0.0,"terminal_value":1.076586570282218,"strike":69250.0,"start_ts":1710763393,"expir_ts":1710791999},{"init_value":1.0,"deriv_term_value":0.0,"terminal_value":0.9375388465544826,"strike":67500.0,"start_ts":1710763392,"expir_ts":1710792000},{"init_value":1.0,"deriv_term_value":0.0,"terminal_value":1.0521749708921815,"strike":68250.0,"start_ts":1710763392,"expir_ts":1710792000},{"init_value":1.0,"deriv_term_value":0.0,"terminal_value":1.0519249387407361,"strike":72500.0,"start_ts":1711540808,"expir_ts":1711573200},{"init_value":1.0,"deriv_term_value":1.0,"terminal_value":1.0613241839294236,"strike":67000.0,"start_ts":1711540807,"expir_ts":1711573200},{"init_value":1.0,"deriv_term_value":0.0,"terminal_value":1.004726078596751,"strike":71500.0,"start_ts":1711540808,"expir_ts":1711573200},{"init_value":1.0,"deriv_term_value":1.0,"terminal_value":1.3116810619428794,"strike":68500.0,"start_ts":1711540807,"expir_ts":1711573200},{"init_value":1.0,"deriv_term_value":0.0,"terminal_value":0.9112491431780031,"strike":69500.0,"start_ts":1711540807,"expir_ts":1711573200},{"init_value":1.0,"deriv_term_value":0.0,"terminal_value":0.8979293516820437,"strike":70500.0,"start_ts":1711540808,"expir_ts":1711573200},{"init_value":1.0,"deriv_term_value":0.0,"terminal_value":0.8629408221252634,"strike":70000.0,"start_ts":1711540808,"expir_ts":1711573200},{"init_value":1.0,"deriv_term_value":0.0,"terminal_value":0.5781831177557243,"strike":69000.0,"start_ts":1711540807,"expir_ts":1711573200},{"init_value":1.0,"deriv_term_value":1.0,"terminal_value":1.1137706613816678,"strike":68000.0,"start_ts":1711540807,"expir_ts":1711573200},{"init_value":1.0,"deriv_term_value":0.0,"terminal_value":1.0760231583300917,"strike":71000.0,"start_ts":1711540808,"expir_ts":1711573200},{"init_value":1.0,"deriv_term_value":0.0,"terminal_value":1.04050189531502,"strike":73000.0,"start_ts":1711540808,"expir_ts":1711573200},{"init_value":1.0,"deriv_term_value":1.0,"terminal_value":1.045684538916017,"strike":66500.0,"start_ts":1711547792,"expir_ts":1711573200},{"init_value":1.0,"deriv_term_value":0.0,"terminal_value":1.0000996852619493,"strike":72000.0,"start_ts":1711540808,"expir_ts":1711573200},{"init_value":1.0,"deriv_term_value":1.0,"terminal_value":1.1001509334133595,"strike":67500.0,"start_ts":1711540807,"expir_ts":1711573200},{"init_value":1.0,"deriv_term_value":1.0,"terminal_value":1.2232109958850363,"strike":64250.0,"start_ts":1710852974,"expir_ts":1710878400},{"init_value":1.0,"deriv_term_value":1.0,"terminal_value":1.3258167552655467,"strike":63500.0,"start_ts":1710852974,"expir_ts":1710878400},{"init_value":1.0,"deriv_term_value":0.0,"terminal_value":0.9044297814038773,"strike":66000.0,"start_ts":1710849601,"expir_ts":1710878400},{"init_value":1.0,"deriv_term_value":1.0,"terminal_value":1.242947002825732,"strike":64000.0,"start_ts":1710852974,"expir_ts":1710878400},{"init_value":1.0,"deriv_term_value":1.0,"terminal_value":1.2700612988662137,"strike":63750.0,"start_ts":1710852974,"expir_ts":1710878400},{"init_value":1.0,"deriv_term_value":1.0,"terminal_value":1.0973861046177065,"strike":63250.0,"start_ts":1710852974,"expir_ts":1710878400},{"init_value":1.0,"deriv_term_value":0.0,"terminal_value":0.5825989222554151,"strike":64500.0,"start_ts":1710852975,"expir_ts":1710878400},{"init_value":1.0,"deriv_term_value":1.0,"terminal_value":1.2881727416857198,"strike":63000.0,"start_ts":1710852974,"expir_ts":1710878400},{"init_value":1.0,"deriv_term_value":0.0,"terminal_value":0.7391807637757635,"strike":64750.0,"start_ts":1710852975,"expir_ts":1710878400},{"init_value":1.0,"deriv_term_value":1.0,"terminal_value":1.0514915624619898,"strike":68750.0,"start_ts":1711454514,"expir_ts":1711486800},{"init_value":1.0,"deriv_term_value":0.0,"terminal_value":0.9787377089804747,"strike":71750.0,"start_ts":1711454514,"expir_ts":1711486800},{"init_value":1.0,"deriv_term_value":0.0,"terminal_value":1.201313465936548,"strike":70750.0,"start_ts":1711454514,"expir_ts":1711486800},{"init_value":1.0,"deriv_term_value":1.0,"terminal_value":0.8834113051624928,"strike":69750.0,"start_ts":1711454514,"expir_ts":1711486800},{"init_value":1.0,"deriv_term_value":1.0,"terminal_value":1.099056656399391,"strike":67250.0,"start_ts":1711454514,"expir_ts":1711486800},{"init_value":1.0,"deriv_term_value":1.0,"terminal_value":1.1304619187585385,"strike":67750.0,"start_ts":1711454514,"expir_ts":1711486800},{"init_value":1.0,"deriv_term_value":1.0,"terminal_value":0.9004318857590928,"strike":69250.0,"start_ts":1711454514,"expir_ts":1711486800},{"init_value":1.0,"deriv_term_value":0.0,"terminal_value":1.0362398754891995,"strike":70250.0,"start_ts":1711454514,"expir_ts":1711486800},{"init_value":1.0,"deriv_term_value":0.0,"terminal_value":1.1466267108098323,"strike":71250.0,"start_ts":1711454514,"expir_ts":1711486800},{"init_value":1.0,"deriv_term_value":1.0,"terminal_value":1.1471313365907996,"strike":68250.0,"start_ts":1711454514,"expir_ts":1711486800},{"init_value":1.0,"deriv_term_value":0.0,"terminal_value":1.1571471307682404,"strike":67000.0,"start_ts":1711022731,"expir_ts":1711054800},{"init_value":1.0,"deriv_term_value":0.0,"terminal_value":0.8528538714057748,"strike":66000.0,"start_ts":1711022731,"expir_ts":1711054800},{"init_value":1.0,"deriv_term_value":1.0,"terminal_value":1.0275619415078037,"strike":64000.0,"start_ts":1711022730,"expir_ts":1711054800},{"init_value":1.0,"deriv_term_value":0.0,"terminal_value":1.0530238184166976,"strike":68500.0,"start_ts":1711022731,"expir_ts":1711054800},{"init_value":1.0,"deriv_term_value":1.0,"terminal_value":0.7093678845614635,"strike":65000.0,"start_ts":1711022731,"expir_ts":1711054800},{"init_value":1.0,"deriv_term_value":0.0,"terminal_value":0.9185403354761809,"strike":65500.0,"start_ts":1711022731,"expir_ts":1711054800},{"init_value":1.0,"deriv_term_value":0.0,"terminal_value":1.003272718956796,"strike":68000.0,"start_ts":1711022731,"expir_ts":1711054800},{"init_value":1.0,"deriv_term_value":1.0,"terminal_value":0.9674198344297019,"strike":64500.0,"start_ts":1711022731,"expir_ts":1711054800},{"init_value":1.0,"deriv_term_value":0.0,"terminal_value":0.9205926039065339,"strike":66500.0,"start_ts":1711022731,"expir_ts":1711054800},{"init_value":1.0,"deriv_term_value":0.0,"terminal_value":1.0581083310764847,"strike":67500.0,"start_ts":1711022731,"expir_ts":1711054800},{"init_value":1.0,"deriv_term_value":1.0,"terminal_value":1.0942179128041463,"strike":68750.0,"start_ts":1711627210,"expir_ts":1711659600},{"init_value":1.0,"deriv_term_value":0.0,"terminal_value":0.8408329214363145,"strike":71750.0,"start_ts":1711627210,"expir_ts":1711659600},{"init_value":1.0,"deriv_term_value":0.0,"terminal_value":0.4119352956230827,"strike":70750.0,"start_ts":1711627210,"expir_ts":1711659600},{"init_value":1.0,"deriv_term_value":1.0,"terminal_value":1.1964914153701267,"strike":69750.0,"start_ts":1711627210,"expir_ts":1711659600},{"init_value":1.0,"deriv_term_value":0.0,"terminal_value":0.8965847507364053,"strike":72750.0,"start_ts":1711627210,"expir_ts":1711659600},{"init_value":1.0,"deriv_term_value":0.0,"terminal_value":0.9647534239881294,"strike":73750.0,"start_ts":1711627211,"expir_ts":1711659600},{"init_value":1.0,"deriv_term_value":0.0,"terminal_value":0.9482367491580705,"strike":73250.0,"start_ts":1711627211,"expir_ts":1711659600},{"init_value":1.0,"deriv_term_value":1.0,"terminal_value":1.055397317401962,"strike":67750.0,"start_ts":1711627210,"expir_ts":1711659600},{"init_value":1.0,"deriv_term_value":0.0,"terminal_value":0.8544932096505279,"strike":72250.0,"start_ts":1711627210,"expir_ts":1711659600},{"init_value":1.0,"deriv_term_value":1.0,"terminal_value":1.1355818210155033,"strike":69250.0,"start_ts":1711627210,"expir_ts":1711659600},{"init_value":1.0,"deriv_term_value":1.0,"terminal_value":1.2834122312989367,"strike":70250.0,"start_ts":1711627210,"expir_ts":1711659600},{"init_value":1.0,"deriv_term_value":0.0,"terminal_value":0.5988900796126521,"strike":71250.0,"start_ts":1711627210,"expir_ts":1711659600},{"init_value":1.0,"deriv_term_value":1.0,"terminal_value":1.0678383945448842,"strike":68250.0,"start_ts":1711627210,"expir_ts":1711659600},{"init_value":1.0,"deriv_term_value":0.0,"terminal_value":0.5530946241275152,"strike":68750.0,"start_ts":1718193627,"expir_ts":1718226000},{"init_value":1.0,"deriv_term_value":0.0,"terminal_value":1.0757189677588277,"strike":70750.0,"start_ts":1718193628,"expir_ts":1718226000},{"init_value":1.0,"deriv_term_value":0.0,"terminal_value":1.0390162916555696,"strike":69750.0,"start_ts":1718193628,"expir_ts":1718226000},{"init_value":1.0,"deriv_term_value":1.0,"terminal_value":1.149743749945947,"strike":67250.0,"start_ts":1718193627,"expir_ts":1718226000},{"init_value":1.0,"deriv_term_value":1.0,"terminal_value":1.0510454959628595,"strike":67750.0,"start_ts":1718193627,"expir_ts":1718226000},{"init_value":1.0,"deriv_term_value":0.0,"terminal_value":0.8188117861558424,"strike":69250.0,"start_ts":1718193628,"expir_ts":1718226000},{"init_value":1.0,"deriv_term_value":0.0,"terminal_value":1.199942957747723,"strike":70250.0,"start_ts":1718193628,"expir_ts":1718226000},{"init_value":1.0,"deriv_term_value":0.0,"terminal_value":0.46323808898609564,"strike":68250.0,"start_ts":1718193627,"expir_ts":1718226000},{"init_value":1.0,"deriv_term_value":1.0,"terminal_value":1.2213720017321505,"strike":67000.0,"start_ts":1712318565,"expir_ts":1712350800},{"init_value":1.0,"deriv_term_value":1.0,"terminal_value":1.0194552924442553,"strike":66000.0,"start_ts":1712318565,"expir_ts":1712350800},{"init_value":1.0,"deriv_term_value":0.0,"terminal_value":1.083100185512823,"strike":68500.0,"start_ts":1712318566,"expir_ts":1712350800},{"init_value":1.0,"deriv_term_value":0.0,"terminal_value":0.9595004121676273,"strike":69500.0,"start_ts":1712318566,"expir_ts":1712350800},{"init_value":1.0,"deriv_term_value":1.0,"terminal_value":1.000964817534609,"strike":65000.0,"start_ts":1712318565,"expir_ts":1712350800},{"init_value":1.0,"deriv_term_value":0.0,"terminal_value":0.9961807072591699,"strike":70000.0,"start_ts":1712321421,"expir_ts":1712350799},{"init_value":1.0,"deriv_term_value":1.0,"terminal_value":1.011801764963951,"strike":65500.0,"start_ts":1712318565,"expir_ts":1712350800},{"init_value":1.0,"deriv_term_value":0.0,"terminal_value":0.9133358209836528,"strike":69000.0,"start_ts":1712318566,"expir_ts":1712350800},{"init_value":1.0,"deriv_term_value":0.0,"terminal_value":1.2089733614687905,"strike":68000.0,"start_ts":1712318566,"expir_ts":1712350800},{"init_value":1.0,"deriv_term_value":1.0,"terminal_value":0.9779427463327469,"strike":64500.0,"start_ts":1712318565,"expir_ts":1712350800},{"init_value":1.0,"deriv_term_value":1.0,"terminal_value":1.039561100343338,"strike":66500.0,"start_ts":1712318565,"expir_ts":1712350800},{"init_value":1.0,"deriv_term_value":1.0,"terminal_value":1.139080950000188,"strike":67500.0,"start_ts":1712318565,"expir_ts":1712350800},{"init_value":1.0,"deriv_term_value":0.0,"terminal_value":0.9669327831094474,"strike":68750.0,"start_ts":1717156801,"expir_ts":1717189200},{"init_value":1.0,"deriv_term_value":1.0,"terminal_value":1.2679260400952646,"strike":67250.0,"start_ts":1717156803,"expir_ts":1717189200},{"init_value":1.0,"deriv_term_value":1.0,"terminal_value":0.9360476244853847,"strike":66250.0,"start_ts":1717156803,"expir_ts":1717189200},{"init_value":1.0,"deriv_term_value":1.0,"terminal_value":1.0552634611575968,"strike":66750.0,"start_ts":1717156800,"expir_ts":1717189200},{"init_value":1.0,"deriv_term_value":0.0,"terminal_value":0.5474916854002058,"strike":67750.0,"start_ts":1717156802,"expir_ts":1717189200},{"init_value":1.0,"deriv_term_value":0.0,"terminal_value":0.9237925487364722,"strike":68250.0,"start_ts":1717156804,"expir_ts":1717189200},{"init_value":1.0,"deriv_term_value":0.0,"terminal_value":0.9453529600832444,"strike":68750.0,"start_ts":1712059436,"expir_ts":1712091600},{"init_value":1.0,"deriv_term_value":1.0,"terminal_value":0.9122727317867043,"strike":64250.0,"start_ts":1712059435,"expir_ts":1712091600},{"init_value":1.0,"deriv_term_value":1.0,"terminal_value":1.303788798544875,"strike":65250.0,"start_ts":1712059435,"expir_ts":1712091600},{"init_value":1.0,"deriv_term_value":0.0,"terminal_value":0.8771166202815436,"strike":67250.0,"start_ts":1712059435,"expir_ts":1712091600},{"init_value":1.0,"deriv_term_value":0.0,"terminal_value":1.2736280690500985,"strike":66250.0,"start_ts":1712059435,"expir_ts":1712091600},{"init_value":1.0,"deriv_term_value":0.0,"terminal_value":1.0330559386069988,"strike":66750.0,"start_ts":1712059435,"expir_ts":1712091600},{"init_value":1.0,"deriv_term_value":0.0,"terminal_value":0.8660075355139194,"strike":67750.0,"start_ts":1712059435,"expir_ts":1712091600},{"init_value":1.0,"deriv_term_value":0.0,"terminal_value":1.0018662560360707,"strike":65750.0,"start_ts":1712059419,"expir_ts":1712091600},{"init_value":1.0,"deriv_term_value":1.0,"terminal_value":0.5990756682118575,"strike":64750.0,"start_ts":1712059435,"expir_ts":1712091600},{"init_value":1.0,"deriv_term_value":0.0,"terminal_value":0.9009526798833398,"strike":68250.0,"start_ts":1712051817,"expir_ts":1712091599},{"init_value":1.0,"deriv_term_value":1.0,"terminal_value":1.0258865417818688,"strike":61750.0,"start_ts":1715256001,"expir_ts":1715288400},{"init_value":1.0,"deriv_term_value":1.0,"terminal_value":1.0200299683844694,"strike":60750.0,"start_ts":1715256000,"expir_ts":1715288400},{"init_value":1.0,"deriv_term_value":0.0,"terminal_value":0.6148247969029967,"strike":62750.0,"start_ts":1715256001,"expir_ts":1715288400},{"init_value":1.0,"deriv_term_value":1.0,"terminal_value":0.8701601847830259,"strike":59250.0,"start_ts":1715256000,"expir_ts":1715288400},{"init_value":1.0,"deriv_term_value":0.0,"terminal_value":0.8641817841095267,"strike":63250.0,"start_ts":1715256001,"expir_ts":1715288400},{"init_value":1.0,"deriv_term_value":1.0,"terminal_value":0.9079361139052057,"strike":59750.0,"start_ts":1715256000,"expir_ts":1715288400},{"init_value":1.0,"deriv_term_value":1.0,"terminal_value":1.2297242880170842,"strike":62250.0,"start_ts":1715256001,"expir_ts":1715288400},{"init_value":1.0,"deriv_term_value":1.0,"terminal_value":0.955720031590227,"strike":60250.0,"start_ts":1715256000,"expir_ts":1715288400},{"init_value":1.0,"deriv_term_value":1.0,"terminal_value":0.8887385967367233,"strike":61250.0,"start_ts":1715256000,"expir_ts":1715288400},{"init_value":1.0,"deriv_term_value":1.0,"terminal_value":1.206723173162834,"strike":62500.0,"start_ts":1715083200,"expir_ts":1715115600},{"init_value":1.0,"deriv_term_value":0.0,"terminal_value":0.8302513482524072,"strike":63500.0,"start_ts":1715083200,"expir_ts":1715115600},{"init_value":1.0,"deriv_term_value":0.0,"terminal_value":0.898528264529081,"strike":64000.0,"start_ts":1715083200,"expir_ts":1715115600},{"init_value":1.0,"deriv_term_value":0.0,"terminal_value":1.016470104104421,"strike":65000.0,"start_ts":1715083200,"expir_ts":1715115600},{"init_value":1.0,"deriv_term_value":0.0,"terminal_value":1.0374189374071356,"strike":65500.0,"start_ts":1715083200,"expir_ts":1715115600},{"init_value":1.0,"deriv_term_value":0.0,"terminal_value":0.9874323540202881,"strike":64500.0,"start_ts":1715083200,"expir_ts":1715115600},{"init_value":1.0,"deriv_term_value":0.0,"terminal_value":0.5621361682410229,"strike":63000.0,"start_ts":1715083200,"expir_ts":1715115600},{"init_value":1.0,"deriv_term_value":1.0,"terminal_value":1.1579660521276263,"strike":62000.0,"start_ts":1715079543,"expir_ts":1715115599},{"init_value":1.0,"deriv_term_value":0.0,"terminal_value":0.9413679700804191,"strike":64250.0,"start_ts":1714996801,"expir_ts":1715029200},{"init_value":1.0,"deriv_term_value":1.0,"terminal_value":1.117173636654416,"strike":61750.0,"start_ts":1714996801,"expir_ts":1715029200},{"init_value":1.0,"deriv_term_value":0.0,"terminal_value":0.9929160103165279,"strike":65250.0,"start_ts":1714996801,"expir_ts":1715029200},{"init_value":1.0,"deriv_term_value":1.0,"terminal_value":1.210284341253223,"strike":62750.0,"start_ts":1714996801,"expir_ts":1715029200},{"init_value":1.0,"deriv_term_value":0.0,"terminal_value":0.7182846065015465,"strike":63750.0,"start_ts":1714996801,"expir_ts":1715029200},{"init_value":1.0,"deriv_term_value":1.0,"terminal_value":1.3789976711120546,"strike":63250.0,"start_ts":1714996801,"expir_ts":1715029200},{"init_value":1.0,"deriv_term_value":1.0,"terminal_value":1.0391693994844646,"strike":62250.0,"start_ts":1714996801,"expir_ts":1715029200},{"init_value":1.0,"deriv_term_value":0.0,"terminal_value":0.9805896183564329,"strike":65750.0,"start_ts":1714999912,"expir_ts":1715029200},{"init_value":1.0,"deriv_term_value":0.0,"terminal_value":0.9578975412780055,"strike":64750.0,"start_ts":1714996801,"expir_ts":1715029200},{"init_value":1.0,"deriv_term_value":0.0,"terminal_value":0.7858966632646389,"strike":58000.0,"start_ts":1714564800,"expir_ts":1714597200},{"init_value":1.0,"deriv_term_value":0.0,"terminal_value":1.162864349800345,"strike":59000.0,"start_ts":1714564800,"expir_ts":1714597200},{"init_value":1.0,"deriv_term_value":1.0,"terminal_value":1.063104147453868,"strike":55500.0,"start_ts":1714564800,"expir_ts":1714597200},{"init_value":1.0,"deriv_term_value":0.0,"terminal_value":0.5808587911777916,"strike":57500.0,"start_ts":1714564800,"expir_ts":1714597200},{"init_value":1.0,"deriv_term_value":1.0,"terminal_value":1.0823127472933862,"strike":56500.0,"start_ts":1714564800,"expir_ts":1714597200},{"init_value":1.0,"deriv_term_value":0.0,"terminal_value":1.234023747969944,"strike":60000.0,"start_ts":1714564800,"expir_ts":1714597200},{"init_value":1.0,"deriv_term_value":1.0,"terminal_value":1.1268249422703744,"strike":56000.0,"start_ts":1714564800,"expir_ts":1714597200},{"init_value":1.0,"deriv_term_value":1.0,"terminal_value":1.2199483360128855,"strike":57000.0,"start_ts":1714564800,"expir_ts":1714597200},{"init_value":1.0,"deriv_term_value":1.0,"terminal_value":1.0332105493240273,"strike":55000.0,"start_ts":1714568033,"expir_ts":1714597200},{"init_value":1.0,"deriv_term_value":0.0,"terminal_value":1.3212085666390738,"strike":59500.0,"start_ts":1714564800,"expir_ts":1714597200},{"init_value":1.0,"deriv_term_value":0.0,"terminal_value":1.0944494466745118,"strike":58500.0,"start_ts":1714564800,"expir_ts":1714597200},{"init_value":1.0,"deriv_term_value":0.0,"terminal_value":1.0039469626533868,"strike":68750.0,"start_ts":1712145734,"expir_ts":1712178000},{"init_value":1.0,"deriv_term_value":1.0,"terminal_value":1.1127383094593613,"strike":64250.0,"start_ts":1712145733,"expir_ts":1712178000},{"init_value":1.0,"deriv_term_value":1.0,"terminal_value":1.2097945392002991,"strike":65250.0,"start_ts":1712145734,"expir_ts":1712178000},{"init_value":1.0,"deriv_term_value":0.0,"terminal_value":0.9235338065752414,"strike":67250.0,"start_ts":1712145734,"expir_ts":1712178000},{"init_value":1.0,"deriv_term_value":0.0,"terminal_value":0.7866308659916073,"strike":66250.0,"start_ts":1712145734,"expir_ts":1712178000},{"init_value":1.0,"deriv_term_value":1.0,"terminal_value":1.079599486203382,"strike":63750.0,"start_ts":1712145733,"expir_ts":1712178000},{"init_value":1.0,"deriv_term_value":0.0,"terminal_value":0.9705895073361112,"strike":66750.0,"start_ts":1712145734,"expir_ts":1712178000},{"init_value":1.0,"deriv_term_value":0.0,"terminal_value":0.937526860137893,"strike":67750.0,"start_ts":1712145734,"expir_ts":1712178000},{"init_value":1.0,"deriv_term_value":0.0,"terminal_value":0.40391417371056637,"strike":65750.0,"start_ts":1712145734,"expir_ts":1712178000},{"init_value":1.0,"deriv_term_value":1.0,"terminal_value":1.1748237440843634,"strike":64750.0,"start_ts":1712145733,"expir_ts":1712178000},{"init_value":1.0,"deriv_term_value":0.0,"terminal_value":0.9696272525168301,"strike":68250.0,"start_ts":1712145734,"expir_ts":1712178000},{"init_value":1.0,"deriv_term_value":0.0,"terminal_value":1.0411951173790843,"strike":62500.0,"start_ts":1715169600,"expir_ts":1715202000},{"init_value":1.0,"deriv_term_value":0.0,"terminal_value":1.0973894302648741,"strike":63500.0,"start_ts":1715169600,"expir_ts":1715202000},{"init_value":1.0,"deriv_term_value":1.0,"terminal_value":1.3605201301312801,"strike":61500.0,"start_ts":1715169600,"expir_ts":1715202000},{"init_value":1.0,"deriv_term_value":1.0,"terminal_value":1.2336926401315365,"strike":61000.0,"start_ts":1715169600,"expir_ts":1715202000},{"init_value":1.0,"deriv_term_value":0.0,"terminal_value":1.260509106623867,"strike":63000.0,"start_ts":1715169600,"expir_ts":1715202000},{"init_value":1.0,"deriv_term_value":0.0,"terminal_value":0.6840743642990827,"strike":62000.0,"start_ts":1715169600,"expir_ts":1715202000},{"init_value":1.0,"deriv_term_value":0.0,"terminal_value":0.6680126540711161,"strike":68750.0,"start_ts":1717070404,"expir_ts":1717102800},{"init_value":1.0,"deriv_term_value":0.0,"terminal_value":1.100849678606322,"strike":69750.0,"start_ts":1717070400,"expir_ts":1717102800},{"init_value":1.0,"deriv_term_value":1.0,"terminal_value":1.0824970811946302,"strike":67250.0,"start_ts":1717070405,"expir_ts":1717102800},{"init_value":1.0,"deriv_term_value":1.0,"terminal_value":1.1342794163217877,"strike":67750.0,"start_ts":1717070404,"expir_ts":1717102800},{"init_value":1.0,"deriv_term_value":0.0,"terminal_value":0.8846415316494876,"strike":69250.0,"start_ts":1717070405,"expir_ts":1717102800},{"init_value":1.0,"deriv_term_value":0.0,"terminal_value":1.077774897220442,"strike":70250.0,"start_ts":1717070405,"expir_ts":1717102800},{"init_value":1.0,"deriv_term_value":1.0,"terminal_value":1.2865823967046934,"strike":68250.0,"start_ts":1717070405,"expir_ts":1717102800},{"init_value":1.0,"deriv_term_value":0.0,"terminal_value":0.7028873114588601,"strike":68750.0,"start_ts":1712233079,"expir_ts":1712264400},{"init_value":1.0,"deriv_term_value":1.0,"terminal_value":0.9967458218760231,"strike":65250.0,"start_ts":1712232001,"expir_ts":1712264400},{"init_value":1.0,"deriv_term_value":0.0,"terminal_value":0.9531099583979294,"strike":69750.0,"start_ts":1712236700,"expir_ts":1712264400},{"init_value":1.0,"deriv_term_value":1.0,"terminal_value":0.9324661255564521,"strike":67250.0,"start_ts":1712233078,"expir_ts":1712264399},{"init_value":1.0,"deriv_term_value":1.0,"terminal_value":1.0452140973259167,"strike":66250.0,"start_ts":1712232472,"expir_ts":1712264400},{"init_value":1.0,"deriv_term_value":1.0,"terminal_value":1.1056997714600008,"strike":66750.0,"start_ts":1712232878,"expir_ts":1712264399},{"init_value":1.0,"deriv_term_value":1.0,"terminal_value":1.0994726918081925,"strike":67750.0,"start_ts":1712233078,"expir_ts":1712264399},{"init_value":1.0,"deriv_term_value":0.0,"terminal_value":1.1176821006786564,"strike":69250.0,"start_ts":1712232543,"expir_ts":1712264400},{"init_value":1.0,"deriv_term_value":1.0,"terminal_value":1.0263745957339605,"strike":65750.0,"start_ts":1712233078,"expir_ts":1712264399},{"init_value":1.0,"deriv_term_value":0.0,"terminal_value":0.965,"strike":70250.0,"start_ts":1712239822,"expir_ts":1712264400},{"init_value":1.0,"deriv_term_value":0.0,"terminal_value":0.48253546950964055,"strike":68250.0,"start_ts":1712233078,"expir_ts":1712264399},{"init_value":1.0,"deriv_term_value":1.0,"terminal_value":1.1260179792307063,"strike":62500.0,"start_ts":1713521227,"expir_ts":1713560399},{"init_value":1.0,"deriv_term_value":0.0,"terminal_value":0.9640108353366349,"strike":67000.0,"start_ts":1713528013,"expir_ts":1713560400},{"init_value":1.0,"deriv_term_value":1.0,"terminal_value":1.2731795111566353,"strike":63500.0,"start_ts":1713528012,"expir_ts":1713560399},{"init_value":1.0,"deriv_term_value":0.0,"terminal_value":0.9772084203365061,"strike":66000.0,"start_ts":1713528013,"expir_ts":1713560400},{"init_value":1.0,"deriv_term_value":1.0,"terminal_value":1.3376685535040616,"strike":64000.0,"start_ts":1713528010,"expir_ts":1713560400},{"init_value":1.0,"deriv_term_value":0.0,"terminal_value":1.1360950795502989,"strike":65000.0,"start_ts":1713528013,"expir_ts":1713560400},{"init_value":1.0,"deriv_term_value":0.0,"terminal_value":1.0611520181718677,"strike":65500.0,"start_ts":1713528013,"expir_ts":1713560400},{"init_value":1.0,"deriv_term_value":0.0,"terminal_value":0.2794488469614311,"strike":64500.0,"start_ts":1713528013,"expir_ts":1713560400},{"init_value":1.0,"deriv_term_value":1.0,"terminal_value":1.165483932139783,"strike":63000.0,"start_ts":1713528012,"expir_ts":1713560399},{"init_value":1.0,"deriv_term_value":0.0,"terminal_value":0.9643246214819223,"strike":66500.0,"start_ts":1713528013,"expir_ts":1713560400},{"init_value":1.0,"deriv_term_value":1.0,"terminal_value":1.119945496139408,"strike":62000.0,"start_ts":1713528012,"expir_ts":1713560399},{"init_value":1.0,"deriv_term_value":0.0,"terminal_value":0.9839770559126562,"strike":67500.0,"start_ts":1713528013,"expir_ts":1713560400},{"init_value":1.0,"deriv_term_value":0.0,"terminal_value":0.6817829311111867,"strike":64250.0,"start_ts":1714132805,"expir_ts":1714165200},{"init_value":1.0,"deriv_term_value":0.0,"terminal_value":0.9495966835927715,"strike":65250.0,"start_ts":1714132805,"expir_ts":1714165200},{"init_value":1.0,"deriv_term_value":1.0,"terminal_value":1.0468449140536418,"strike":62750.0,"start_ts":1714132804,"expir_ts":1714165200},{"init_value":1.0,"deriv_term_value":1.0,"terminal_value":1.3255848491408473,"strike":63750.0,"start_ts":1714132805,"expir_ts":1714165200},{"init_value":1.0,"deriv_term_value":1.0,"terminal_value":1.1662537669696467,"strike":63250.0,"start_ts":1714132805,"expir_ts":1714165200},{"init_value":1.0,"deriv_term_value":1.0,"terminal_value":0.9860995204937854,"strike":62250.0,"start_ts":1714132804,"expir_ts":1714165200},{"init_value":1.0,"deriv_term_value":0.0,"terminal_value":0.9886210615198552,"strike":65750.0,"start_ts":1714132805,"expir_ts":1714165200},{"init_value":1.0,"deriv_term_value":0.0,"terminal_value":0.9718247457652953,"strike":64750.0,"start_ts":1714132805,"expir_ts":1714165200},{"init_value":1.0,"deriv_term_value":1.0,"terminal_value":0.9073320495332774,"strike":64250.0,"start_ts":1715774400,"expir_ts":1715806800},{"init_value":1.0,"deriv_term_value":1.0,"terminal_value":1.108689539739154,"strike":65250.0,"start_ts":1715774400,"expir_ts":1715806800},{"init_value":1.0,"deriv_term_value":1.0,"terminal_value":0.7913910532681471,"strike":62750.0,"start_ts":1715774400,"expir_ts":1715806800},{"init_value":1.0,"deriv_term_value":0.0,"terminal_value":0.693077355907538,"strike":66250.0,"start_ts":1715774400,"expir_ts":1715806800},{"init_value":1.0,"deriv_term_value":1.0,"terminal_value":0.9685487084622999,"strike":63750.0,"start_ts":1715774400,"expir_ts":1715806800},{"init_value":1.0,"deriv_term_value":0.0,"terminal_value":0.9811609297917946,"strike":66750.0,"start_ts":1715774400,"expir_ts":1715806800},{"init_value":1.0,"deriv_term_value":1.0,"terminal_value":1.020521175693557,"strike":63250.0,"start_ts":1715774400,"expir_ts":1715806800},{"init_value":1.0,"deriv_term_value":1.0,"terminal_value":0.893382960874772,"strike":62250.0,"start_ts":1715774400,"expir_ts":1715806800},{"init_value":1.0,"deriv_term_value":1.0,"terminal_value":1.3711821308382528,"strike":65750.0,"start_ts":1715774400,"expir_ts":1715806800},{"init_value":1.0,"deriv_term_value":1.0,"terminal_value":1.0974238599543495,"strike":64750.0,"start_ts":1715774400,"expir_ts":1715806800},{"init_value":1.0,"deriv_term_value":1.0,"terminal_value":0.9354241297649981,"strike":58000.0,"start_ts":1713366943,"expir_ts":1713387600},{"init_value":1.0,"deriv_term_value":0.0,"terminal_value":1.052643311221809,"strike":62500.0,"start_ts":1713355205,"expir_ts":1713387600},{"init_value":1.0,"deriv_term_value":1.0,"terminal_value":0.9204387009805726,"strike":59000.0,"start_ts":1713356940,"expir_ts":1713387600},{"init_value":1.0,"deriv_term_value":0.0,"terminal_value":1.0383138815700548,"strike":63500.0,"start_ts":1713355205,"expir_ts":1713387600},{"init_value":1.0,"deriv_term_value":0.0,"terminal_value":1.1113512319875438,"strike":61500.0,"start_ts":1713355204,"expir_ts":1713387600},{"init_value":1.0,"deriv_term_value":0.0,"terminal_value":1.0392385832112772,"strike":64000.0,"start_ts":1713355205,"expir_ts":1713387600},{"init_value":1.0,"deriv_term_value":1.0,"terminal_value":1.4424004211002461,"strike":60500.0,"start_ts":1713355204,"expir_ts":1713387600},{"init_value":1.0,"deriv_term_value":0.0,"terminal_value":1.097753402355585,"strike":65000.0,"start_ts":1713355205,"expir_ts":1713387600},{"init_value":1.0,"deriv_term_value":1.0,"terminal_value":0.9971838768120792,"strike":60000.0,"start_ts":1713355204,"expir_ts":1713387600},{"init_value":1.0,"deriv_term_value":0.0,"terminal_value":0.6140768897446869,"strike":61000.0,"start_ts":1713355204,"expir_ts":1713387600},{"init_value":1.0,"deriv_term_value":0.0,"terminal_value":1.077024236437608,"strike":64500.0,"start_ts":1713355205,"expir_ts":1713387600},{"init_value":1.0,"deriv_term_value":0.0,"terminal_value":1.1164590854969618,"strike":63000.0,"start_ts":1713355205,"expir_ts":1713387600},{"init_value":1.0,"deriv_term_value":1.0,"terminal_value":0.787382551630545,"strike":59500.0,"start_ts":1713357405,"expir_ts":1713387599},{"init_value":1.0,"deriv_term_value":0.0,"terminal_value":1.0822871272302037,"strike":62000.0,"start_ts":1713355205,"expir_ts":1713387600},{"init_value":1.0,"deriv_term_value":1.0,"terminal_value":0.9596870454311387,"strike":58500.0,"start_ts":1713363814,"expir_ts":1713387600},{"init_value":1.0,"deriv_term_value":0.0,"terminal_value":0.7899919610213386,"strike":68750.0,"start_ts":1716465609,"expir_ts":1716498000},{"init_value":1.0,"deriv_term_value":1.0,"terminal_value":0.9640627349682656,"strike":65250.0,"start_ts":1716466618,"expir_ts":1716498000},{"init_value":1.0,"deriv_term_value":0.0,"terminal_value":0.9356595800488035,"strike":70750.0,"start_ts":1716465609,"expir_ts":1716498000},{"init_value":1.0,"deriv_term_value":0.0,"terminal_value":0.8821960788116736,"strike":69750.0,"start_ts":1716465609,"expir_ts":1716498000},{"init_value":1.0,"deriv_term_value":1.0,"terminal_value":0.9376650496706975,"strike":67250.0,"start_ts":1716465608,"expir_ts":1716498000},{"init_value":1.0,"deriv_term_value":1.0,"terminal_value":1.0469679694322904,"strike":66250.0,"start_ts":1716466020,"expir_ts":1716498000},{"init_value":1.0,"deriv_term_value":1.0,"terminal_value":0.8359784477871055,"strike":66750.0,"start_ts":1716465608,"expir_ts":1716498000},{"init_value":1.0,"deriv_term_value":1.0,"terminal_value":1.0700820213023519,"strike":67750.0,"start_ts":1716465608,"expir_ts":1716498000},{"init_value":1.0,"deriv_term_value":0.0,"terminal_value":0.6312671387597962,"strike":69250.0,"start_ts":1716465609,"expir_ts":1716498000},{"init_value":1.0,"deriv_term_value":1.0,"terminal_value":1.0353141727067903,"strike":65750.0,"start_ts":1716466618,"expir_ts":1716498000},{"init_value":1.0,"deriv_term_value":0.0,"terminal_value":1.0056112308304268,"strike":70250.0,"start_ts":1716465609,"expir_ts":1716498000},{"init_value":1.0,"deriv_term_value":0.0,"terminal_value":0.43652626068463957,"strike":68250.0,"start_ts":1716465608,"expir_ts":1716498000},{"init_value":1.0,"deriv_term_value":1.0,"terminal_value":1.4934790183441964,"strike":68750.0,"start_ts":1716552000,"expir_ts":1716584400},{"init_value":1.0,"deriv_term_value":1.0,"terminal_value":0.9034895604227371,"strike":67250.0,"start_ts":1716552002,"expir_ts":1716584400},{"init_value":1.0,"deriv_term_value":1.0,"terminal_value":0.9230973777697098,"strike":66750.0,"start_ts":1716552001,"expir_ts":1716584400},{"init_value":1.0,"deriv_term_value":1.0,"terminal_value":1.106039930576472,"strike":67750.0,"start_ts":1716552000,"expir_ts":1716584400},{"init_value":1.0,"deriv_term_value":0.0,"terminal_value":0.8033772642260184,"strike":69250.0,"start_ts":1716552000,"expir_ts":1716584400},{"init_value":1.0,"deriv_term_value":1.0,"terminal_value":1.218807758865838,"strike":68250.0,"start_ts":1716552002,"expir_ts":1716584400},{"init_value":1.0,"deriv_term_value":1.0,"terminal_value":0.9308084002266975,"strike":68750.0,"start_ts":1712750702,"expir_ts":1712782799},{"init_value":1.0,"deriv_term_value":1.0,"terminal_value":0.8463974640927185,"strike":65250.0,"start_ts":1712752098,"expir_ts":1712782800},{"init_value":1.0,"deriv_term_value":0.0,"terminal_value":0.8766582898895354,"strike":70750.0,"start_ts":1712750703,"expir_ts":1712782800},{"init_value":1.0,"deriv_term_value":1.0,"terminal_value":1.685272939677338,"strike":69750.0,"start_ts":1712750703,"expir_ts":1712782800},{"init_value":1.0,"deriv_term_value":1.0,"terminal_value":0.9253987342721409,"strike":67250.0,"start_ts":1712750702,"expir_ts":1712782799},{"init_value":1.0,"deriv_term_value":1.0,"terminal_value":0.8927263838833451,"strike":66250.0,"start_ts":1712750702,"expir_ts":1712782799},{"init_value":1.0,"deriv_term_value":1.0,"terminal_value":0.814289116122051,"strike":66750.0,"start_ts":1712750702,"expir_ts":1712782799},{"init_value":1.0,"deriv_term_value":1.0,"terminal_value":0.9457940991264095,"strike":67750.0,"start_ts":1712750702,"expir_ts":1712782799},{"init_value":1.0,"deriv_term_value":1.0,"terminal_value":1.0289269119323852,"strike":69250.0,"start_ts":1712750703,"expir_ts":1712782800},{"init_value":1.0,"deriv_term_value":1.0,"terminal_value":0.7863506434276104,"strike":65750.0,"start_ts":1712750789,"expir_ts":1712782800},{"init_value":1.0,"deriv_term_value":0.0,"terminal_value":0.817158590131529,"strike":70250.0,"start_ts":1712750703,"expir_ts":1712782800},{"init_value":1.0,"deriv_term_value":1.0,"terminal_value":0.9828666953634287,"strike":68250.0,"start_ts":1712750702,"expir_ts":1712782799},{"init_value":1.0,"deriv_term_value":1.0,"terminal_value":1.0217511970914273,"strike":68750.0,"start_ts":1712837055,"expir_ts":1712869200},{"init_value":1.0,"deriv_term_value":0.0,"terminal_value":0.9343446769409619,"strike":71750.0,"start_ts":1712837055,"expir_ts":1712869200},{"init_value":1.0,"deriv_term_value":0.0,"terminal_value":0.35393640499512047,"strike":70750.0,"start_ts":1712837055,"expir_ts":1712869200},{"init_value":1.0,"deriv_term_value":1.0,"terminal_value":0.8005658317374845,"strike":69750.0,"start_ts":1712837055,"expir_ts":1712869200},{"init_value":1.0,"deriv_term_value":0.0,"terminal_value":0.9859566567345693,"strike":72750.0,"start_ts":1712837055,"expir_ts":1712869200},{"init_value":1.0,"deriv_term_value":1.0,"terminal_value":1.0195999232293766,"strike":67750.0,"start_ts":1712837055,"expir_ts":1712869200},{"init_value":1.0,"deriv_term_value":0.0,"terminal_value":0.913992109723805,"strike":72250.0,"start_ts":1712837055,"expir_ts":1712869200},{"init_value":1.0,"deriv_term_value":1.0,"terminal_value":1.0120392708631678,"strike":69250.0,"start_ts":1712837055,"expir_ts":1712869200},{"init_value":1.0,"deriv_term_value":1.0,"terminal_value":1.3543212132433846,"strike":70250.0,"start_ts":1712837055,"expir_ts":1712869200},{"init_value":1.0,"deriv_term_value":0.0,"terminal_value":0.7408958119754524,"strike":71250.0,"start_ts":1712837055,"expir_ts":1712869200},{"init_value":1.0,"deriv_term_value":1.0,"terminal_value":1.0524183797475912,"strike":68250.0,"start_ts":1712837055,"expir_ts":1712869200},{"init_value":1.0,"deriv_term_value":0.0,"terminal_value":0.9283991096911118,"strike":64250.0,"start_ts":1714392032,"expir_ts":1714424400},{"init_value":1.0,"deriv_term_value":1.0,"terminal_value":0.9053056024777877,"strike":61750.0,"start_ts":1714392031,"expir_ts":1714424400},{"init_value":1.0,"deriv_term_value":1.0,"terminal_value":0.9581214206431754,"strike":60750.0,"start_ts":1714392031,"expir_ts":1714424400},{"init_value":1.0,"deriv_term_value":1.0,"terminal_value":1.235323729118934,"strike":62750.0,"start_ts":1714392031,"expir_ts":1714424400},{"init_value":1.0,"deriv_term_value":0.0,"terminal_value":0.8621683121754213,"strike":63750.0,"start_ts":1714392032,"expir_ts":1714424400},{"init_value":1.0,"deriv_term_value":0.0,"terminal_value":0.8534911806978153,"strike":63250.0,"start_ts":1714392032,"expir_ts":1714424400},{"init_value":1.0,"deriv_term_value":1.0,"terminal_value":1.0782082931381836,"strike":62250.0,"start_ts":1714392031,"expir_ts":1714424400},{"init_value":1.0,"deriv_term_value":1.0,"terminal_value":1.008826257356903,"strike":61250.0,"start_ts":1714392031,"expir_ts":1714424400},{"init_value":1.0,"deriv_term_value":1.0,"terminal_value":1.1971463828424815,"strike":68750.0,"start_ts":1716379225,"expir_ts":1716411600},{"init_value":1.0,"deriv_term_value":0.0,"terminal_value":1.0011776063818827,"strike":71750.0,"start_ts":1716379221,"expir_ts":1716411600},{"init_value":1.0,"deriv_term_value":0.0,"terminal_value":1.0742475049888693,"strike":70750.0,"start_ts":1716379223,"expir_ts":1716411600},{"init_value":1.0,"deriv_term_value":0.0,"terminal_value":0.6883644765882253,"strike":69750.0,"start_ts":1716379222,"expir_ts":1716411600},{"init_value":1.0,"deriv_term_value":1.0,"terminal_value":1.3299362725711863,"strike":69250.0,"start_ts":1716379225,"expir_ts":1716411600},{"init_value":1.0,"deriv_term_value":0.0,"terminal_value":1.0049945941972207,"strike":70250.0,"start_ts":1716379224,"expir_ts":1716411600},{"init_value":1.0,"deriv_term_value":0.0,"terminal_value":0.9990725068070349,"strike":71250.0,"start_ts":1716379219,"expir_ts":1716411600},{"init_value":1.0,"deriv_term_value":1.0,"terminal_value":1.140583344917097,"strike":68250.0,"start_ts":1716379226,"expir_ts":1716411600},{"init_value":1.0,"deriv_term_value":1.0,"terminal_value":1.4258363119008055,"strike":62500.0,"start_ts":1713268830,"expir_ts":1713301200},{"init_value":1.0,"deriv_term_value":0.0,"terminal_value":1.181654771259236,"strike":63500.0,"start_ts":1713268831,"expir_ts":1713301200},{"init_value":1.0,"deriv_term_value":0.0,"terminal_value":0.9508436516880355,"strike":66000.0,"start_ts":1713268831,"expir_ts":1713301200},{"init_value":1.0,"deriv_term_value":1.0,"terminal_value":1.0829054547395356,"strike":61500.0,"start_ts":1713265141,"expir_ts":1713301200},{"init_value":1.0,"deriv_term_value":0.0,"terminal_value":0.9252371942921753,"strike":64000.0,"start_ts":1713268831,"expir_ts":1713301200},{"init_value":1.0,"deriv_term_value":1.0,"terminal_value":1.0008970090845566,"strike":60500.0,"start_ts":1713268830,"expir_ts":1713301200},{"init_value":1.0,"deriv_term_value":0.0,"terminal_value":0.901645386109442,"strike":65000.0,"start_ts":1713268831,"expir_ts":1713301200},{"init_value":1.0,"deriv_term_value":0.0,"terminal_value":0.9145035664360903,"strike":65500.0,"start_ts":1713268831,"expir_ts":1713301200},{"init_value":1.0,"deriv_term_value":1.0,"terminal_value":0.9889184437712826,"strike":61000.0,"start_ts":1713268830,"expir_ts":1713301200},{"init_value":1.0,"deriv_term_value":0.0,"terminal_value":0.8876473459545547,"strike":64500.0,"start_ts":1713268831,"expir_ts":1713301200},{"init_value":1.0,"deriv_term_value":1.0,"terminal_value":1.8453258859656692,"strike":63000.0,"start_ts":1713268830,"expir_ts":1713301200},{"init_value":1.0,"deriv_term_value":1.0,"terminal_value":0.7594980611231446,"strike":62000.0,"start_ts":1713268830,"expir_ts":1713301200},{"init_value":1.0,"deriv_term_value":0.0,"terminal_value":1.0420171398939737,"strike":62500.0,"start_ts":1715682884,"expir_ts":1715720400},{"init_value":1.0,"deriv_term_value":0.0,"terminal_value":0.9897588663286231,"strike":63500.0,"start_ts":1715688000,"expir_ts":1715720400},{"init_value":1.0,"deriv_term_value":1.0,"terminal_value":1.335709428837531,"strike":61500.0,"start_ts":1715688000,"expir_ts":1715720400},{"init_value":1.0,"deriv_term_value":1.0,"terminal_value":1.002944437576401,"strike":60500.0,"start_ts":1715688000,"expir_ts":1715720400},{"init_value":1.0,"deriv_term_value":1.0,"terminal_value":1.0597348160867792,"strike":60000.0,"start_ts":1715688000,"expir_ts":1715720400},{"init_value":1.0,"deriv_term_value":1.0,"terminal_value":1.120562756194467,"strike":61000.0,"start_ts":1715688000,"expir_ts":1715720400},{"init_value":1.0,"deriv_term_value":0.0,"terminal_value":1.0738285349917598,"strike":63000.0,"start_ts":1715688000,"expir_ts":1715720400},{"init_value":1.0,"deriv_term_value":0.0,"terminal_value":1.0896648811133267,"strike":62000.0,"start_ts":1715682876,"expir_ts":1715720400},{"init_value":1.0,"deriv_term_value":0.0,"terminal_value":0.9818268934076599,"strike":64250.0,"start_ts":1713441618,"expir_ts":1713473999},{"init_value":1.0,"deriv_term_value":1.0,"terminal_value":0.9226669989987404,"strike":61750.0,"start_ts":1713441618,"expir_ts":1713473999},{"init_value":1.0,"deriv_term_value":0.0,"terminal_value":0.9346101824499402,"strike":65250.0,"start_ts":1713441618,"expir_ts":1713473999},{"init_value":1.0,"deriv_term_value":1.0,"terminal_value":0.9904286072783353,"strike":60750.0,"start_ts":1713441618,"expir_ts":1713473999},{"init_value":1.0,"deriv_term_value":1.0,"terminal_value":1.0736678541375846,"strike":62750.0,"start_ts":1713441618,"expir_ts":1713473999},{"init_value":1.0,"deriv_term_value":0.0,"terminal_value":0.9779772756082725,"strike":66250.0,"start_ts":1713444530,"expir_ts":1713474000},{"init_value":1.0,"deriv_term_value":0.0,"terminal_value":0.7063087895926909,"strike":63750.0,"start_ts":1713441618,"expir_ts":1713473999},{"init_value":1.0,"deriv_term_value":1.0,"terminal_value":1.2960744986752295,"strike":63250.0,"start_ts":1713441618,"expir_ts":1713473999},{"init_value":1.0,"deriv_term_value":1.0,"terminal_value":0.8992088568775537,"strike":59750.0,"start_ts":1713441617,"expir_ts":1713474000},{"init_value":1.0,"deriv_term_value":1.0,"terminal_value":1.0559750513376513,"strike":62250.0,"start_ts":1713441615,"expir_ts":1713474000},{"init_value":1.0,"deriv_term_value":0.0,"terminal_value":0.9488282654997287,"strike":65750.0,"start_ts":1713444539,"expir_ts":1713473999},{"init_value":1.0,"deriv_term_value":1.0,"terminal_value":0.938883932673023,"strike":60250.0,"start_ts":1713441617,"expir_ts":1713474000},{"init_value":1.0,"deriv_term_value":0.0,"terminal_value":0.8962872752539442,"strike":64750.0,"start_ts":1713441618,"expir_ts":1713473999},{"init_value":1.0,"deriv_term_value":1.0,"terminal_value":0.94830555142235,"strike":61250.0,"start_ts":1713441618,"expir_ts":1713473999},{"init_value":1.0,"deriv_term_value":0.0,"terminal_value":0.9029858015189574,"strike":64250.0,"start_ts":1715601602,"expir_ts":1715634000},{"init_value":1.0,"deriv_term_value":1.0,"terminal_value":1.0542376142681102,"strike":61750.0,"start_ts":1715601601,"expir_ts":1715634000},{"init_value":1.0,"deriv_term_value":1.0,"terminal_value":1.2434692393417268,"strike":62750.0,"start_ts":1715601602,"expir_ts":1715634000},{"init_value":1.0,"deriv_term_value":0.0,"terminal_value":0.8698536502005256,"strike":63750.0,"start_ts":1715601602,"expir_ts":1715634000},{"init_value":1.0,"deriv_term_value":0.0,"terminal_value":0.6905906603965422,"strike":63250.0,"start_ts":1715601602,"expir_ts":1715634000},{"init_value":1.0,"deriv_term_value":1.0,"terminal_value":1.0934495742942252,"strike":62250.0,"start_ts":1715601601,"expir_ts":1715634000},{"init_value":1.0,"deriv_term_value":1.0,"terminal_value":1.0618148478268072,"strike":61250.0,"start_ts":1715601601,"expir_ts":1715634000},{"init_value":1.0,"deriv_term_value":0.0,"terminal_value":1.0110780117370544,"strike":71750.0,"start_ts":1717675200,"expir_ts":1717707600},{"init_value":1.0,"deriv_term_value":0.0,"terminal_value":0.7720261136389854,"strike":70750.0,"start_ts":1717675202,"expir_ts":1717707600},{"init_value":1.0,"deriv_term_value":1.0,"terminal_value":1.1553134784120358,"strike":69750.0,"start_ts":1717675203,"expir_ts":1717707600},{"init_value":1.0,"deriv_term_value":0.0,"terminal_value":0.974584441795223,"strike":72250.0,"start_ts":1717675200,"expir_ts":1717707600},{"init_value":1.0,"deriv_term_value":1.0,"terminal_value":1.2812670140915814,"strike":70250.0,"start_ts":1717675201,"expir_ts":1717707600},{"init_value":1.0,"deriv_term_value":0.0,"terminal_value":0.6711215914279796,"strike":71250.0,"start_ts":1717675207,"expir_ts":1717707600},{"init_value":1.0,"deriv_term_value":1.0,"terminal_value":0.9701434095091412,"strike":68750.0,"start_ts":1717761605,"expir_ts":1717794000},{"init_value":1.0,"deriv_term_value":0.0,"terminal_value":1.3058816498850936,"strike":71750.0,"start_ts":1717761605,"expir_ts":1717794000},{"init_value":1.0,"deriv_term_value":0.0,"terminal_value":0.9755899183594547,"strike":70750.0,"start_ts":1717761605,"expir_ts":1717794000},{"init_value":1.0,"deriv_term_value":0.0,"terminal_value":0.7816269724359893,"strike":69750.0,"start_ts":1717761600,"expir_ts":1717794000},{"init_value":1.0,"deriv_term_value":1.0,"terminal_value":1.38563385243536,"strike":69250.0,"start_ts":1717761603,"expir_ts":1717794000},{"init_value":1.0,"deriv_term_value":0.0,"terminal_value":0.9190647204173042,"strike":70250.0,"start_ts":1717761601,"expir_ts":1717794000},{"init_value":1.0,"deriv_term_value":0.0,"terminal_value":0.951625342204262,"strike":71250.0,"start_ts":1717761600,"expir_ts":1717794000}]