[{"init_value":1.0,"deriv_term_value":1.0,"terminal_value":1.4191267740652174,"strike":69500.0,"start_ts":1718020820,"expir_ts":1718053199},{"init_value":1.0,"deriv_term_value":0.0,"terminal_value":0.8861443362440385,"strike":70500.0,"start_ts":1718020820,"expir_ts":1718053199},{"init_value":1.0,"deriv_term_value":0.0,"terminal_value":0.6202625863739316,"strike":70000.0,"start_ts":1718020820,"expir_ts":1718053199},{"init_value":1.0,"deriv_term_value":1.0,"terminal_value":1.1576042652101528,"strike":69000.0,"start_ts":1718020820,"expir_ts":1718053199},{"init_value":1.0,"deriv_term_value":1.0,"terminal_value":1.0332479540073458,"strike":65250.0,"start_ts":1718107202,"expir_ts":1718139600},{"init_value":1.0,"deriv_term_value":1.0,"terminal_value":1.5056072096631787,"strike":67250.0,"start_ts":1718107204,"expir_ts":1718139600},{"init_value":1.0,"deriv_term_value":1.0,"terminal_value":1.1395180192218184,"strike":66250.0,"start_ts":1718107204,"expir_ts":1718139600},{"init_value":1.0,"deriv_term_value":1.0,"terminal_value":1.1637037627620677,"strike":66750.0,"start_ts":1718107204,"expir_ts":1718139600},{"init_value":1.0,"deriv_term_value":0.0,"terminal_value":0.8067762655126247,"strike":67750.0,"start_ts":1718107204,"expir_ts":1718139600},{"init_value":1.0,"deriv_term_value":1.0,"terminal_value":1.026615547234187,"strike":65750.0,"start_ts":1718107204,"expir_ts":1718139600},{"init_value":1.0,"deriv_term_value":1.0,"terminal_value":1.0541775274272822,"strike":64750.0,"start_ts":1718107201,"expir_ts":1718139600},{"init_value":1.0,"deriv_term_value":1.0,"terminal_value":1.2100477285052333,"strike":62500.0,"start_ts":1711108925,"expir_ts":1711141200},{"init_value":1.0,"deriv_term_value":0.0,"terminal_value":0.9032506537600149,"strike":67000.0,"start_ts":1711108925,"expir_ts":1711141200},{"init_value":1.0,"deriv_term_value":1.0,"terminal_value":1.50277912950934,"strike":63500.0,"start_ts":1711108925,"expir_ts":1711141200},{"init_value":1.0,"deriv_term_value":0.0,"terminal_value":0.865187324671767,"strike":66000.0,"start_ts":1711108925,"expir_ts":1711141200},{"init_value":1.0,"deriv_term_value":1.0,"terminal_value":1.0594948957701933,"strike":61500.0,"start_ts":1711108924,"expir_ts":1711141200},{"init_value":1.0,"deriv_term_value":0.0,"terminal_value":0.7009896750212982,"strike":64000.0,"start_ts":1711108925,"expir_ts":1711141200},{"init_value":1.0,"deriv_term_value":0.0,"terminal_value":0.8810964398516654,"strike":65000.0,"start_ts":1711108925,"expir_ts":1711141200},{"init_value":1.0,"deriv_term_value":0.0,"terminal_value":0.8636038921234405,"strike":65500.0,"start_ts":1711107486,"expir_ts":1711141200},{"init_value":1.0,"deriv_term_value":1.0,"terminal_value":1.059659509508596,"strike":61000.0,"start_ts":1711108924,"expir_ts":1711141200},{"init_value":1.0,"deriv_term_value":0.0,"terminal_value":0.9760324232761535,"strike":64500.0,"start_ts":1711108925,"expir_ts":1711141200},{"init_value":1.0,"deriv_term_value":1.0,"terminal_value":0.9846966207124875,"strike":63000.0,"start_ts":1711108925,"expir_ts":1711141200},{"init_value":1.0,"deriv_term_value":0.0,"terminal_value":0.874767869888538,"strike":66500.0,"start_ts":1711108925,"expir_ts":1711141200},{"init_value":1.0,"deriv_term_value":1.0,"terminal_value":1.1067343235285754,"strike":62000.0,"start_ts":1711108925,"expir_ts":1711141200},{"init_value":1.0,"deriv_term_value":1.0,"terminal_value":0.9183873865104362,"strike":67000.0,"start_ts":1711369893,"expir_ts":1711400400},{"init_value":1.0,"deriv_term_value":1.0,"terminal_value":1.0569175752954594,"strike":66000.0,"start_ts":1711369893,"expir_ts":1711400400},{"init_value":1.0,"deriv_term_value":0.0,"terminal_value":0.8635888000480059,"strike":71500.0,"start_ts":1711375233,"expir_ts":1711400400},{"init_value":1.0,"deriv_term_value":1.0,"terminal_value":1.007005983581398,"strike":68500.0,"start_ts":1711369893,"expir_ts":1711400400},{"init_value":1.0,"deriv_term_value":1.0,"terminal_value":1.3755355439302417,"strike":69500.0,"start_ts":1711369893,"expir_ts":1711400400},{"init_value":1.0,"deriv_term_value":1.0,"terminal_value":1.3612606948269521,"strike":70500.0,"start_ts":1711369893,"expir_ts":1711400400},{"init_value":1.0,"deriv_term_value":1.0,"terminal_value":1.2947337106657844,"strike":70000.0,"start_ts":1711369893,"expir_ts":1711400400},{"init_value":1.0,"deriv_term_value":1.0,"terminal_value":1.0818489989686562,"strike":69000.0,"start_ts":1711369893,"expir_ts":1711400400},{"init_value":1.0,"deriv_term_value":1.0,"terminal_value":1.1394918058984387,"strike":68000.0,"start_ts":1711369893,"expir_ts":1711400400},{"init_value":1.0,"deriv_term_value":0.0,"terminal_value":0.6759739377954069,"strike":71000.0,"start_ts":1711375102,"expir_ts":1711400400},{"init_value":1.0,"deriv_term_value":1.0,"terminal_value":1.071609150108582,"strike":66500.0,"start_ts":1711369893,"expir_ts":1711400400},{"init_value":1.0,"deriv_term_value":1.0,"terminal_value":1.0541196701788347,"strike":67500.0,"start_ts":1711369893,"expir_ts":1711400400},{"init_value":1.0,"deriv_term_value":0.0,"terminal_value":0.9641582589997202,"strike":72500.0,"start_ts":1711973068,"expir_ts":1712005200},{"init_value":1.0,"deriv_term_value":1.0,"terminal_value":1.0048877128765275,"strike":67000.0,"start_ts":1711973067,"expir_ts":1712005200},{"init_value":1.0,"deriv_term_value":0.0,"terminal_value":0.8761898333877449,"strike":71500.0,"start_ts":1711973068,"expir_ts":1712005200},{"init_value":1.0,"deriv_term_value":1.0,"terminal_value":1.1097810235060046,"strike":68500.0,"start_ts":1711973067,"expir_ts":1712005200},{"init_value":1.0,"deriv_term_value":1.0,"terminal_value":1.226715478625806,"strike":69500.0,"start_ts":1711973067,"expir_ts":1712005200},{"init_value":1.0,"deriv_term_value":0.0,"terminal_value":0.8493936325024575,"strike":70500.0,"start_ts":1711973068,"expir_ts":1712005200},{"init_value":1.0,"deriv_term_value":0.0,"terminal_value":0.8730361546557686,"strike":70000.0,"start_ts":1711973068,"expir_ts":1712005200},{"init_value":1.0,"deriv_term_value":1.0,"terminal_value":1.2876432039358205,"strike":69000.0,"start_ts":1711973067,"expir_ts":1712005200},{"init_value":1.0,"deriv_term_value":1.0,"terminal_value":1.0635430817110247,"strike":68000.0,"start_ts":1711973067,"expir_ts":1712005200},{"init_value":1.0,"deriv_term_value":0.0,"terminal_value":0.8325130324031832,"strike":71000.0,"start_ts":1711970477,"expir_ts":1712005200},{"init_value":1.0,"deriv_term_value":1.0,"terminal_value":0.9987773557055052,"strike":66500.0,"start_ts":1711973067,"expir_ts":1712005200},{"init_value":1.0,"deriv_term_value":0.0,"terminal_value":0.9205429718035743,"strike":72000.0,"start_ts":1711973068,"expir_ts":1712005200},{"init_value":1.0,"deriv_term_value":1.0,"terminal_value":1.0770207943620977,"strike":67500.0,"start_ts":1711973067,"expir_ts":1712005200},{"init_value":1.0,"deriv_term_value":0.0,"terminal_value":0.9198503658541548,"strike":62500.0,"start_ts":1714478403,"expir_ts":1714510800},{"init_value":1.0,"deriv_term_value":1.0,"terminal_value":1.0171562054732624,"strike":59000.0,"start_ts":1714478403,"expir_ts":1714510800},{"init_value":1.0,"deriv_term_value":0.0,"terminal_value":1.0372474006540107,"strike":61500.0,"start_ts":1714478403,"expir_ts":1714510800},{"init_value":1.0,"deriv_term_value":0.0,"terminal_value":0.9918672087180486,"strike":60500.0,"start_ts":1714478403,"expir_ts":1714510800},{"init_value":1.0,"deriv_term_value":0.0,"terminal_value":0.46844761612199665,"strike":60000.0,"start_ts":1714478403,"expir_ts":1714510800},{"init_value":1.0,"deriv_term_value":0.0,"terminal_value":0.8364695357561115,"strike":61000.0,"start_ts":1714478403,"expir_ts":1714510800},{"init_value":1.0,"deriv_term_value":0.0,"terminal_value":0.9579234372570598,"strike":63000.0,"start_ts":1714478403,"expir_ts":1714510800},{"init_value":1.0,"deriv_term_value":1.0,"terminal_value":1.0565541849680782,"strike":59500.0,"start_ts":1714478403,"expir_ts":1714510800},{"init_value":1.0,"deriv_term_value":0.0,"terminal_value":0.936987072228868,"strike":62000.0,"start_ts":1714478403,"expir_ts":1714510800},{"init_value":1.0,"deriv_term_value":1.0,"terminal_value":1.03,"strike":58500.0,"start_ts":1714478476,"expir_ts":1714510800},{"init_value":1.0,"deriv_term_value":1.0,"terminal_value":1.8123217198715875,"strike":62500.0,"start_ts":1714737691,"expir_ts":1714770000},{"init_value":1.0,"deriv_term_value":1.0,"terminal_value":0.8274544665224048,"strike":59000.0,"start_ts":1714737630,"expir_ts":1714770000},{"init_value":1.0,"deriv_term_value":0.0,"terminal_value":0.9248546786434121,"strike":63500.0,"start_ts":1714737688,"expir_ts":1714770000},{"init_value":1.0,"deriv_term_value":1.0,"terminal_value":0.8717666030669338,"strike":61500.0,"start_ts":1714737691,"expir_ts":1714770000},{"init_value":1.0,"deriv_term_value":1.0,"terminal_value":1.2415491127417364,"strike":60500.0,"start_ts":1714737631,"expir_ts":1714770000},{"init_value":1.0,"deriv_term_value":1.0,"terminal_value":1.0221770752075972,"strike":60000.0,"start_ts":1714737630,"expir_ts":1714770000},{"init_value":1.0,"deriv_term_value":1.0,"terminal_value":1.1623341035782304,"strike":61000.0,"start_ts":1714737631,"expir_ts":1714770000},{"init_value":1.0,"deriv_term_value":0.0,"terminal_value":0.8546452489632479,"strike":63000.0,"start_ts":1714737694,"expir_ts":1714769999},{"init_value":1.0,"deriv_term_value":1.0,"terminal_value":1.0755966211323913,"strike":59500.0,"start_ts":1714737630,"expir_ts":1714770000},{"init_value":1.0,"deriv_term_value":1.0,"terminal_value":1.8918619470424165,"strike":62000.0,"start_ts":1714737692,"expir_ts":1714770000},{"init_value":1.0,"deriv_term_value":1.0,"terminal_value":1.0494023696897747,"strike":68750.0,"start_ts":1712577655,"expir_ts":1712610000},{"init_value":1.0,"deriv_term_value":0.0,"terminal_value":0.9171170830632833,"strike":74250.0,"start_ts":1712585156,"expir_ts":1712610000},{"init_value":1.0,"deriv_term_value":0.0,"terminal_value":0.17854190923920135,"strike":71750.0,"start_ts":1712580434,"expir_ts":1712610000},{"init_value":1.0,"deriv_term_value":1.0,"terminal_value":1.219957370222954,"strike":70750.0,"start_ts":1712579613,"expir_ts":1712610000},{"init_value":1.0,"deriv_term_value":1.0,"terminal_value":1.1114810093539118,"strike":69750.0,"start_ts":1712580433,"expir_ts":1712610000},{"init_value":1.0,"deriv_term_value":0.0,"terminal_value":0.7742346276615201,"strike":72750.0,"start_ts":1712578698,"expir_ts":1712610000},{"init_value":1.0,"deriv_term_value":0.0,"terminal_value":0.8730133668789699,"strike":73750.0,"start_ts":1712585156,"expir_ts":1712610000},{"init_value":1.0,"deriv_term_value":0.0,"terminal_value":0.8089407600144906,"strike":73250.0,"start_ts":1712585156,"expir_ts":1712610000},{"init_value":1.0,"deriv_term_value":0.0,"terminal_value":0.9904370223896837,"strike":72250.0,"start_ts":1712580434,"expir_ts":1712610000},{"init_value":1.0,"deriv_term_value":1.0,"terminal_value":1.0771600939184363,"strike":69250.0,"start_ts":1712580433,"expir_ts":1712610000},{"init_value":1.0,"deriv_term_value":1.0,"terminal_value":1.1927941104406274,"strike":70250.0,"start_ts":1712577655,"expir_ts":1712610000},{"init_value":1.0,"deriv_term_value":1.0,"terminal_value":1.237214594926444,"strike":71250.0,"start_ts":1712580434,"expir_ts":1712610000},{"init_value":1.0,"deriv_term_value":1.0,"terminal_value":1.1044755172355727,"strike":57750.0,"start_ts":1714651209,"expir_ts":1714683600},{"init_value":1.0,"deriv_term_value":0.0,"terminal_value":0.9818341449508448,"strike":60750.0,"start_ts":1714651209,"expir_ts":1714683600},{"init_value":1.0,"deriv_term_value":1.0,"terminal_value":1.0517279266482589,"strike":56750.0,"start_ts":1714651208,"expir_ts":1714683600},{"init_value":1.0,"deriv_term_value":1.0,"terminal_value":1.0609241085411043,"strike":58250.0,"start_ts":1714651209,"expir_ts":1714683600},{"init_value":1.0,"deriv_term_value":0.0,"terminal_value":1.0006136121820157,"strike":59250.0,"start_ts":1714651209,"expir_ts":1714683600},{"init_value":1.0,"deriv_term_value":0.0,"terminal_value":1.1593838798593152,"strike":59750.0,"start_ts":1714651209,"expir_ts":1714683600},{"init_value":1.0,"deriv_term_value":0.0,"terminal_value":0.13495141052978354,"strike":58750.0,"start_ts":1714651209,"expir_ts":1714683600},{"init_value":1.0,"deriv_term_value":0.0,"terminal_value":1.0056862261042563,"strike":60250.0,"start_ts":1714651209,"expir_ts":1714683600},{"init_value":1.0,"deriv_term_value":1.0,"terminal_value":0.947995836710151,"strike":68750.0,"start_ts":1712666572,"expir_ts":1712696400},{"init_value":1.0,"deriv_term_value":0.0,"terminal_value":0.8811581106336959,"strike":71750.0,"start_ts":1712666573,"expir_ts":1712696399},{"init_value":1.0,"deriv_term_value":0.0,"terminal_value":0.44982210863527883,"strike":70750.0,"start_ts":1712664340,"expir_ts":1712696399},{"init_value":1.0,"deriv_term_value":0.0,"terminal_value":0.7109475286099869,"strike":69750.0,"start_ts":1712666573,"expir_ts":1712696399},{"init_value":1.0,"deriv_term_value":1.0,"terminal_value":1.0081432708431464,"strike":67250.0,"start_ts":1712673459,"expir_ts":1712696400},{"init_value":1.0,"deriv_term_value":1.0,"terminal_value":0.9399374719882334,"strike":67750.0,"start_ts":1712671050,"expir_ts":1712696400},{"init_value":1.0,"deriv_term_value":0.0,"terminal_value":1.3025994341890679,"strike":69250.0,"start_ts":1712666573,"expir_ts":1712696399},{"init_value":1.0,"deriv_term_value":0.0,"terminal_value":0.8795535219604064,"strike":70250.0,"start_ts":1712666573,"expir_ts":1712696399},{"init_value":1.0,"deriv_term_value":0.0,"terminal_value":0.8812506340929336,"strike":71250.0,"start_ts":1712664306,"expir_ts":1712696399},{"init_value":1.0,"deriv_term_value":1.0,"terminal_value":0.8120054381061439,"strike":68250.0,"start_ts":1712666572,"expir_ts":1712696400},{"init_value":1.0,"deriv_term_value":1.0,"terminal_value":1.1067948770135592,"strike":67000.0,"start_ts":1716984005,"expir_ts":1717016400},{"init_value":1.0,"deriv_term_value":0.0,"terminal_value":0.939051191151538,"strike":68500.0,"start_ts":1716984003,"expir_ts":1717016400},{"init_value":1.0,"deriv_term_value":0.0,"terminal_value":0.9535383572242238,"strike":68000.0,"start_ts":1716984005,"expir_ts":1717016400},{"init_value":1.0,"deriv_term_value":1.0,"terminal_value":1.0733198232648624,"strike":66500.0,"start_ts":1716984005,"expir_ts":1717016400},{"init_value":1.0,"deriv_term_value":0.0,"terminal_value":0.4257500965172866,"strike":67500.0,"start_ts":1716984005,"expir_ts":1717016400},{"init_value":1.0,"deriv_term_value":1.0,"terminal_value":1.0794640106384634,"strike":64250.0,"start_ts":1713787272,"expir_ts":1713819600},{"init_value":1.0,"deriv_term_value":1.0,"terminal_value":1.1555709100209004,"strike":65250.0,"start_ts":1713787273,"expir_ts":1713819600},{"init_value":1.0,"deriv_term_value":0.0,"terminal_value":0.8801969714060616,"strike":67250.0,"start_ts":1713787273,"expir_ts":1713819600},{"init_value":1.0,"deriv_term_value":1.0,"terminal_value":1.3781906520628733,"strike":66250.0,"start_ts":1713787273,"expir_ts":1713819600},{"init_value":1.0,"deriv_term_value":1.0,"terminal_value":1.0382427922008266,"strike":63750.0,"start_ts":1713787272,"expir_ts":1713819600},{"init_value":1.0,"deriv_term_value":0.0,"terminal_value":0.7278772045703736,"strike":66750.0,"start_ts":1713787273,"expir_ts":1713819600},{"init_value":1.0,"deriv_term_value":0.0,"terminal_value":0.9211025657081336,"strike":67750.0,"start_ts":1713787273,"expir_ts":1713819600},{"init_value":1.0,"deriv_term_value":1.0,"terminal_value":1.112112751359942,"strike":65750.0,"start_ts":1713787273,"expir_ts":1713819600},{"init_value":1.0,"deriv_term_value":1.0,"terminal_value":1.117717566400468,"strike":64750.0,"start_ts":1713787272,"expir_ts":1713819600},{"init_value":1.0,"deriv_term_value":0.0,"terminal_value":0.9421096057829906,"strike":68250.0,"start_ts":1713787273,"expir_ts":1713819600},{"init_value":1.0,"deriv_term_value":0.0,"terminal_value":0.8442454083792685,"strike":67000.0,"start_ts":1715860800,"expir_ts":1715893200},{"init_value":1.0,"deriv_term_value":0.0,"terminal_value":0.747791861961774,"strike":66000.0,"start_ts":1715860800,"expir_ts":1715893200},{"init_value":1.0,"deriv_term_value":1.0,"terminal_value":1.0395454293648505,"strike":64000.0,"start_ts":1715860800,"expir_ts":1715893200},{"init_value":1.0,"deriv_term_value":1.0,"terminal_value":1.2309070098969896,"strike":65000.0,"start_ts":1715860800,"expir_ts":1715893200},{"init_value":1.0,"deriv_term_value":0.0,"terminal_value":0.6337633656065444,"strike":65500.0,"start_ts":1715860800,"expir_ts":1715893200},{"init_value":1.0,"deriv_term_value":0.0,"terminal_value":0.9310386344920781,"strike":68000.0,"start_ts":1715860800,"expir_ts":1715893200},{"init_value":1.0,"deriv_term_value":1.0,"terminal_value":1.0264952369644276,"strike":64500.0,"start_ts":1715860800,"expir_ts":1715893200},{"init_value":1.0,"deriv_term_value":0.0,"terminal_value":0.76134911572037,"strike":66500.0,"start_ts":1715860800,"expir_ts":1715893200},{"init_value":1.0,"deriv_term_value":1.0,"terminal_value":1.340326606015949,"strike":64250.0,"start_ts":1714046409,"expir_ts":1714078800},{"init_value":1.0,"deriv_term_value":1.0,"terminal_value":0.9737709190680545,"strike":61750.0,"start_ts":1714046413,"expir_ts":1714078800},{"init_value":1.0,"deriv_term_value":0.0,"terminal_value":0.9111130893021484,"strike":65250.0,"start_ts":1714046413,"expir_ts":1714078800},{"init_value":1.0,"deriv_term_value":1.0,"terminal_value":1.0251464451851127,"strike":62750.0,"start_ts":1714046413,"expir_ts":1714078800},{"init_value":1.0,"deriv_term_value":1.0,"terminal_value":1.2674629202965524,"strike":63750.0,"start_ts":1714046413,"expir_ts":1714078800},{"init_value":1.0,"deriv_term_value":1.0,"terminal_value":0.9827229580370134,"strike":63250.0,"start_ts":1714043353,"expir_ts":1714078800},{"init_value":1.0,"deriv_term_value":1.0,"terminal_value":1.0214955269628399,"strike":62250.0,"start_ts":1714046413,"expir_ts":1714078800},{"init_value":1.0,"deriv_term_value":0.0,"terminal_value":0.9065649189239384,"strike":65750.0,"start_ts":1714046413,"expir_ts":1714078800},{"init_value":1.0,"deriv_term_value":1.0,"terminal_value":1.5315701884452744,"strike":64750.0,"start_ts":1714046413,"expir_ts":1714078800},{"init_value":1.0,"deriv_term_value":1.0,"terminal_value":1.3292452883139856,"strike":68750.0,"start_ts":1716206404,"expir_ts":1716238800},{"init_value":1.0,"deriv_term_value":0.0,"terminal_value":0.8699864733148059,"strike":69750.0,"start_ts":1716206403,"expir_ts":1716238800},{"init_value":1.0,"deriv_term_value":1.0,"terminal_value":1.143219973259075,"strike":67250.0,"start_ts":1716206404,"expir_ts":1716238800},{"init_value":1.0,"deriv_term_value":1.0,"terminal_value":1.0043328220456647,"strike":66250.0,"start_ts":1716206404,"expir_ts":1716238800},{"init_value":1.0,"deriv_term_value":1.0,"terminal_value":1.0490846413660313,"strike":66750.0,"start_ts":1716206403,"expir_ts":1716238800},{"init_value":1.0,"deriv_term_value":1.0,"terminal_value":0.9798827679817856,"strike":67750.0,"start_ts":1716206404,"expir_ts":1716238800},{"init_value":1.0,"deriv_term_value":1.0,"terminal_value":1.3932105445029248,"strike":69250.0,"start_ts":1716206401,"expir_ts":1716238800},{"init_value":1.0,"deriv_term_value":1.0,"terminal_value":0.9904546864426593,"strike":65750.0,"start_ts":1716206404,"expir_ts":1716238800},{"init_value":1.0,"deriv_term_value":0.0,"terminal_value":1.1114551074509071,"strike":70250.0,"start_ts":1716225409,"expir_ts":1716238800},{"init_value":1.0,"deriv_term_value":1.0,"terminal_value":1.2414543930789086,"strike":68250.0,"start_ts":1716206400,"expir_ts":1716238800},{"init_value":1.0,"deriv_term_value":1.0,"terminal_value":1.01012475430478,"strike":68750.0,"start_ts":1716292803,"expir_ts":1716325200},{"init_value":1.0,"deriv_term_value":0.0,"terminal_value":0.902382777418375,"strike":71750.0,"start_ts":1716292803,"expir_ts":1716325200},{"init_value":1.0,"deriv_term_value":0.0,"terminal_value":0.9037083239652679,"strike":70750.0,"start_ts":1716292801,"expir_ts":1716325200},{"init_value":1.0,"deriv_term_value":0.0,"terminal_value":0.5023999258430352,"strike":69750.0,"start_ts":1716292801,"expir_ts":1716325200},{"init_value":1.0,"deriv_term_value":0.0,"terminal_value":0.8783853658829459,"strike":72250.0,"start_ts":1716292803,"expir_ts":1716325200},{"init_value":1.0,"deriv_term_value":1.0,"terminal_value":1.1215849712781192,"strike":69250.0,"start_ts":1716292803,"expir_ts":1716325200},{"init_value":1.0,"deriv_term_value":0.0,"terminal_value":0.8235762514125693,"strike":70250.0,"start_ts":1716292800,"expir_ts":1716325200},{"init_value":1.0,"deriv_term_value":0.0,"terminal_value":0.7660855256480595,"strike":71250.0,"start_ts":1716292802,"expir_ts":1716325200},{"init_value":1.0,"deriv_term_value":0.0,"terminal_value":0.8945841505464955,"strike":67000.0,"start_ts":1713182409,"expir_ts":1713214800},{"init_value":1.0,"deriv_term_value":0.0,"terminal_value":0.619767758285676,"strike":63500.0,"start_ts":1713204224,"expir_ts":1713214800},{"init_value":1.0,"deriv_term_value":0.0,"terminal_value":0.7641812524773884,"strike":66000.0,"start_ts":1713182409,"expir_ts":1713214800},{"init_value":1.0,"deriv_term_value":0.0,"terminal_value":0.9136130510347015,"strike":64000.0,"start_ts":1713204224,"expir_ts":1713214800},{"init_value":1.0,"deriv_term_value":0.0,"terminal_value":0.9961949613594316,"strike":68500.0,"start_ts":1713182409,"expir_ts":1713214800},{"init_value":1.0,"deriv_term_value":0.0,"terminal_value":1.0172382882378683,"strike":65000.0,"start_ts":1713182409,"expir_ts":1713214800},{"init_value":1.0,"deriv_term_value":0.0,"terminal_value":1.027812442569672,"strike":65500.0,"start_ts":1713182409,"expir_ts":1713214800},{"init_value":1.0,"deriv_term_value":0.0,"terminal_value":0.9508489796529929,"strike":68000.0,"start_ts":1713182409,"expir_ts":1713214800},{"init_value":1.0,"deriv_term_value":0.0,"terminal_value":0.7325163160063486,"strike":64500.0,"start_ts":1713182409,"expir_ts":1713214800},{"init_value":1.0,"deriv_term_value":1.0,"terminal_value":1.024503963065973,"strike":63000.0,"start_ts":1713204224,"expir_ts":1713214800},{"init_value":1.0,"deriv_term_value":0.0,"terminal_value":0.9455562713953922,"strike":66500.0,"start_ts":1713182409,"expir_ts":1713214800},{"init_value":1.0,"deriv_term_value":0.0,"terminal_value":0.9302248310378385,"strike":67500.0,"start_ts":1713182409,"expir_ts":1713214800},{"init_value":1.0,"deriv_term_value":0.0,"terminal_value":0.7231107450801585,"strike":68750.0,"start_ts":1712923203,"expir_ts":1712955600},{"init_value":1.0,"deriv_term_value":0.0,"terminal_value":0.9332244078858064,"strike":71750.0,"start_ts":1712923204,"expir_ts":1712955600},{"init_value":1.0,"deriv_term_value":1.0,"terminal_value":0.9271167010777746,"strike":65250.0,"start_ts":1712927939,"expir_ts":1712955600},{"init_value":1.0,"deriv_term_value":0.0,"terminal_value":0.9522251406890687,"strike":70750.0,"start_ts":1712923204,"expir_ts":1712955600},{"init_value":1.0,"deriv_term_value":0.0,"terminal_value":0.7898047042852453,"strike":69750.0,"start_ts":1712923204,"expir_ts":1712955600},{"init_value":1.0,"deriv_term_value":0.0,"terminal_value":-0.13254347926658444,"strike":67250.0,"start_ts":1712933547,"expir_ts":1712955600},{"init_value":1.0,"deriv_term_value":1.0,"terminal_value":0.7968322477510255,"strike":66250.0,"start_ts":1712939009,"expir_ts":1712955600},{"init_value":1.0,"deriv_term_value":1.0,"terminal_value":0.8692980629907616,"strike":66750.0,"start_ts":1712939009,"expir_ts":1712955600},{"init_value":1.0,"deriv_term_value":0.0,"terminal_value":0.006623126327697359,"strike":67750.0,"start_ts":1712929284,"expir_ts":1712955600},{"init_value":1.0,"deriv_term_value":0.0,"terminal_value":0.8010634600394476,"strike":69250.0,"start_ts":1712923203,"expir_ts":1712955600},{"init_value":1.0,"deriv_term_value":1.0,"terminal_value":1.045925480987935,"strike":65750.0,"start_ts":1712939009,"expir_ts":1712955600},{"init_value":1.0,"deriv_term_value":0.0,"terminal_value":1.0121988960823787,"strike":70250.0,"start_ts":1712923204,"expir_ts":1712955600},{"init_value":1.0,"deriv_term_value":0.0,"terminal_value":0.8977221529626249,"strike":71250.0,"start_ts":1712923204,"expir_ts":1712955600},{"init_value":1.0,"deriv_term_value":0.0,"terminal_value":0.7641692693716842,"strike":68250.0,"start_ts":1712925620,"expir_ts":1712955600},{"init_value":1.0,"deriv_term_value":0.0,"terminal_value":0.9328411194266806,"strike":67000.0,"start_ts":1713960011,"expir_ts":1713992400},{"init_value":1.0,"deriv_term_value":1.0,"terminal_value":1.0394030187984882,"strike":63500.0,"start_ts":1713968810,"expir_ts":1713992400},{"init_value":1.0,"deriv_term_value":0.0,"terminal_value":0.8885587409585514,"strike":66000.0,"start_ts":1713960011,"expir_ts":1713992400},{"init_value":1.0,"deriv_term_value":1.0,"terminal_value":1.2185479133797492,"strike":64000.0,"start_ts":1713963790,"expir_ts":1713992400},{"init_value":1.0,"deriv_term_value":0.0,"terminal_value":0.6539600597301864,"strike":65000.0,"start_ts":1713960011,"expir_ts":1713992400},{"init_value":1.0,"deriv_term_value":0.0,"terminal_value":0.8910447992074144,"strike":65500.0,"start_ts":1713960011,"expir_ts":1713992400},{"init_value":1.0,"deriv_term_value":0.0,"terminal_value":0.9840214283007467,"strike":68000.0,"start_ts":1713960011,"expir_ts":1713992400},{"init_value":1.0,"deriv_term_value":0.0,"terminal_value":0.6436231515055574,"strike":64500.0,"start_ts":1713960011,"expir_ts":1713992400},{"init_value":1.0,"deriv_term_value":1.0,"terminal_value":1.0655345831550775,"strike":63000.0,"start_ts":1713969136,"expir_ts":1713992400},{"init_value":1.0,"deriv_term_value":0.0,"terminal_value":0.9745832421931896,"strike":66500.0,"start_ts":1713960011,"expir_ts":1713992400},{"init_value":1.0,"deriv_term_value":0.0,"terminal_value":0.9368029482832849,"strike":67500.0,"start_ts":1713960011,"expir_ts":1713992400},{"init_value":1.0,"deriv_term_value":0.0,"terminal_value":0.816778016612102,"strike":61750.0,"start_ts":1715342400,"expir_ts":1715374800},{"init_value":1.0,"deriv_term_value":0.0,"terminal_value":0.4402590376234449,"strike":60750.0,"start_ts":1715342400,"expir_ts":1715374800},{"init_value":1.0,"deriv_term_value":0.0,"terminal_value":0.8748839959512839,"strike":62750.0,"start_ts":1715342400,"expir_ts":1715374800},{"init_value":1.0,"deriv_term_value":0.0,"terminal_value":0.9540260093996962,"strike":63750.0,"start_ts":1715342400,"expir_ts":1715374800},{"init_value":1.0,"deriv_term_value":0.0,"terminal_value":0.9584912714411635,"strike":63250.0,"start_ts":1715342400,"expir_ts":1715374800},{"init_value":1.0,"deriv_term_value":1.0,"terminal_value":0.950971499996859,"strike":59750.0,"start_ts":1715342400,"expir_ts":1715374800},{"init_value":1.0,"deriv_term_value":0.0,"terminal_value":0.8627470798478449,"strike":62250.0,"start_ts":1715342400,"expir_ts":1715374800},{"init_value":1.0,"deriv_term_value":1.0,"terminal_value":0.9470306130940355,"strike":60250.0,"start_ts":1715342400,"expir_ts":1715374800},{"init_value":1.0,"deriv_term_value":0.0,"terminal_value":0.6668077497089815,"strike":61250.0,"start_ts":1715342400,"expir_ts":1715374800},{"init_value":1.0,"deriv_term_value":1.0,"terminal_value":0.9484978698423531,"strike":67000.0,"start_ts":1716897606,"expir_ts":1716930000},{"init_value":1.0,"deriv_term_value":0.0,"terminal_value":0.8038648504955737,"strike":68500.0,"start_ts":1716897606,"expir_ts":1716930000},{"init_value":1.0,"deriv_term_value":0.0,"terminal_value":0.8350537589893058,"strike":69500.0,"start_ts":1716897606,"expir_ts":1716930000},{"init_value":1.0,"deriv_term_value":0.0,"terminal_value":0.8398162358493229,"strike":69000.0,"start_ts":1716897605,"expir_ts":1716930000},{"init_value":1.0,"deriv_term_value":1.0,"terminal_value":1.3359509963985583,"strike":68000.0,"start_ts":1716897602,"expir_ts":1716930000},{"init_value":1.0,"deriv_term_value":1.0,"terminal_value":1.0145519706325539,"strike":66500.0,"start_ts":1716897606,"expir_ts":1716930000},{"init_value":1.0,"deriv_term_value":1.0,"terminal_value":1.115060470491962,"strike":67500.0,"start_ts":1716897602,"expir_ts":1716930000},{"init_value":1.0,"deriv_term_value":1.0,"terminal_value":1.1247462227365028,"strike":65250.0,"start_ts":1715947220,"expir_ts":1715979599},{"init_value":1.0,"deriv_term_value":0.0,"terminal_value":0.7996348747955877,"strike":67250.0,"start_ts":1715947220,"expir_ts":1715979599},{"init_value":1.0,"deriv_term_value":1.0,"terminal_value":1.0574364722635934,"strike":66250.0,"start_ts":1715947220,"expir_ts":1715979599},{"init_value":1.0,"deriv_term_value":1.0,"terminal_value":1.312694519339707,"strike":66750.0,"start_ts":1715947220,"expir_ts":1715979599},{"init_value":1.0,"deriv_term_value":0.0,"terminal_value":0.9167483482651492,"strike":67750.0,"start_ts":1715947220,"expir_ts":1715979599},{"init_value":1.0,"deriv_term_value":1.0,"terminal_value":1.098075910096774,"strike":65750.0,"start_ts":1715947220,"expir_ts":1715979599},{"init_value":1.0,"deriv_term_value":1.0,"terminal_value":1.078585943193469,"strike":64750.0,"start_ts":1715947220,"expir_ts":1715979599},{"init_value":1.0,"deriv_term_value":0.0,"terminal_value":0.9478118699284269,"strike":68250.0,"start_ts":1715947220,"expir_ts":1715979599},{"init_value":1.0,"deriv_term_value":0.0,"terminal_value":0.8503231997921828,"strike":67000.0,"start_ts":1713873607,"expir_ts":1713906000},{"init_value":1.0,"deriv_term_value":1.0,"terminal_value":1.1043612754414887,"strike":66000.0,"start_ts":1713873635,"expir_ts":1713905999},{"init_value":1.0,"deriv_term_value":0.0,"terminal_value":0.9801873356450045,"strike":68500.0,"start_ts":1713873899,"expir_ts":1713906000},{"init_value":1.0,"deriv_term_value":1.0,"terminal_value":1.152205834421618,"strike":65000.0,"start_ts":1713873635,"expir_ts":1713905999},{"init_value":1.0,"deriv_term_value":1.0,"terminal_value":1.1773179142239794,"strike":65500.0,"start_ts":1713873635,"expir_ts":1713905999},{"init_value":1.0,"deriv_term_value":0.0,"terminal_value":0.9463979937767337,"strike":68000.0,"start_ts":1713873635,"expir_ts":1713905999},{"init_value":1.0,"deriv_term_value":0.0,"terminal_value":0.47454349709452326,"strike":66500.0,"start_ts":1713873635,"expir_ts":1713905999},{"init_value":1.0,"deriv_term_value":0.0,"terminal_value":0.9269515613819714,"strike":67500.0,"start_ts":1713873635,"expir_ts":1713905999},{"init_value":1.0,"deriv_term_value":0.0,"terminal_value":0.3844681865485814,"strike":71500.0,"start_ts":1717588805,"expir_ts":1717621200},{"init_value":1.0,"deriv_term_value":1.0,"terminal_value":1.059507391564372,"strike":69500.0,"start_ts":1717588803,"expir_ts":1717621200},{"init_value":1.0,"deriv_term_value":1.0,"terminal_value":1.1424770456793323,"strike":70500.0,"start_ts":1717588805,"expir_ts":1717621200},{"init_value":1.0,"deriv_term_value":1.0,"terminal_value":1.3519046803893955,"strike":71000.0,"start_ts":1717588803,"expir_ts":1717621200},{"init_value":1.0,"deriv_term_value":0.0,"terminal_value":1.0070827120072405,"strike":72000.0,"start_ts":1717588805,"expir_ts":1717621200},{"init_value":1.0,"deriv_term_value":1.0,"terminal_value":1.2292604037422936,"strike":68750.0,"start_ts":1717416002,"expir_ts":1717448400},{"init_value":1.0,"deriv_term_value":0.0,"terminal_value":0.9569607845875613,"strike":70750.0,"start_ts":1717416006,"expir_ts":1717448400},{"init_value":1.0,"deriv_term_value":0.0,"terminal_value":0.9003598123737446,"strike":69750.0,"start_ts":1717416000,"expir_ts":1717448400},{"init_value":1.0,"deriv_term_value":1.0,"terminal_value":1.0715984039322177,"strike":67750.0,"start_ts":1717416002,"expir_ts":1717448400},{"init_value":1.0,"deriv_term_value":0.0,"terminal_value":0.40313497567312107,"strike":69250.0,"start_ts":1717416003,"expir_ts":1717448400},{"init_value":1.0,"deriv_term_value":0.0,"terminal_value":1.0163087368112023,"strike":70250.0,"start_ts":1717416002,"expir_ts":1717448400},{"init_value":1.0,"deriv_term_value":1.0,"terminal_value":1.0848031926084845,"strike":68250.0,"start_ts":1717416000,"expir_ts":1717448400},{"init_value":1.0,"deriv_term_value":0.0,"terminal_value":1.0843774191710092,"strike":71500.0,"start_ts":1717502402,"expir_ts":1717534800},{"init_value":1.0,"deriv_term_value":1.0,"terminal_value":1.0535630451234554,"strike":68500.0,"start_ts":1717502401,"expir_ts":1717534800},{"init_value":1.0,"deriv_term_value":1.0,"terminal_value":1.0966715077592228,"strike":69500.0,"start_ts":1717502405,"expir_ts":1717534800},{"init_value":1.0,"deriv_term_value":0.0,"terminal_value":0.6411485780298254,"strike":70500.0,"start_ts":1717502405,"expir_ts":1717534800},{"init_value":1.0,"deriv_term_value":1.0,"terminal_value":1.2545151337215363,"strike":70000.0,"start_ts":1717502405,"expir_ts":1717534800},{"init_value":1.0,"deriv_term_value":1.0,"terminal_value":1.0339068854094857,"strike":69000.0,"start_ts":1717502401,"expir_ts":1717534800},{"init_value":1.0,"deriv_term_value":1.0,"terminal_value":1.0316721912627056,"strike":68000.0,"start_ts":1717502405,"expir_ts":1717534800},{"init_value":1.0,"deriv_term_value":0.0,"terminal_value":1.0668112984365967,"strike":71000.0,"start_ts":1717502405,"expir_ts":1717534800},{"init_value":1.0,"deriv_term_value":0.0,"terminal_value":1.0182312629171097,"strike":72000.0,"start_ts":1717502400,"expir_ts":1717534800},{"init_value":1.0,"deriv_term_value":1.0,"terminal_value":0.850126105538056,"strike":62500.0,"start_ts":1710936130,"expir_ts":1710968400},{"init_value":1.0,"deriv_term_value":1.0,"terminal_value":1.8733544379490739,"strike":67000.0,"start_ts":1710936130,"expir_ts":1710968400},{"init_value":1.0,"deriv_term_value":1.0,"terminal_value":0.49816171977153,"strike":63500.0,"start_ts":1710936130,"expir_ts":1710968400},{"init_value":1.0,"deriv_term_value":1.0,"terminal_value":1.1875354683074155,"strike":66000.0,"start_ts":1710936130,"expir_ts":1710968400},{"init_value":1.0,"deriv_term_value":1.0,"terminal_value":0.9353200173548617,"strike":61500.0,"start_ts":1710936129,"expir_ts":1710968400},{"init_value":1.0,"deriv_term_value":1.0,"terminal_value":1.1243069091420965,"strike":64000.0,"start_ts":1710936130,"expir_ts":1710968400},{"init_value":1.0,"deriv_term_value":1.0,"terminal_value":1.1565530665242152,"strike":65000.0,"start_ts":1710936130,"expir_ts":1710968400},{"init_value":1.0,"deriv_term_value":1.0,"terminal_value":1.0229272372352596,"strike":65500.0,"start_ts":1710936130,"expir_ts":1710968400},{"init_value":1.0,"deriv_term_value":1.0,"terminal_value":0.9254308773835811,"strike":61000.0,"start_ts":1710936129,"expir_ts":1710968400},{"init_value":1.0,"deriv_term_value":1.0,"terminal_value":1.2667687290711829,"strike":64500.0,"start_ts":1710936130,"expir_ts":1710968400},{"init_value":1.0,"deriv_term_value":1.0,"terminal_value":0.9770777943645974,"strike":63000.0,"start_ts":1710936130,"expir_ts":1710968400},{"init_value":1.0,"deriv_term_value":1.0,"terminal_value":1.7575615910866658,"strike":66500.0,"start_ts":1710936130,"expir_ts":1710968400},{"init_value":1.0,"deriv_term_value":1.0,"terminal_value":0.9413661254490837,"strike":62000.0,"start_ts":1710936130,"expir_ts":1710968400},{"init_value":1.0,"deriv_term_value":0.0,"terminal_value":0.9316340467523517,"strike":68750.0,"start_ts":1710763393,"expir_ts":1710791999},{"init_value":1.0,"deriv_term_value":0.0,"terminal_value":0.2997892077894434,"strike":67000.0,"start_ts":1710763392,"expir_ts":1710792000},{"init_value":1.0,"deriv_term_value":0.0,"terminal_value":0.9600947979207461,"strike":69750.0,"start_ts":1710763393,"expir_ts":1710791999},{"init_value":1.0,"deriv_term_value":0.0,"terminal_value":0.5355976604908913,"strike":67250.0,"start_ts":1710763392,"expir_ts":1710792000},{"init_value":1.0,"deriv_term_value":0.0,"terminal_value":0.9834752803001412,"strike":68500.0,"start_ts":1710763393,"expir_ts":1710791999},{"init_value":1.0,"deriv_term_value":0.0,"terminal_value":0.9381352595496437,"strike":69500.0,"start_ts":1710763393,"expir_ts":1710791999},{"init_value":1.0,"deriv_term_value":1.0,"terminal_value":1.1641927629059277,"strike":66750.0,"start_ts":1710763392,"expir_ts":1710792000},{"init_value":1.0,"deriv_term_value":0.0,"terminal_value":0.951895984935328,"strike":70000.0,"start_ts":1710763393,"expir_ts":1710791999},{"init_value":1.0,"deriv_term_value":0.0,"terminal_value":0.9842170397873805,"strike":69000.0,"start_ts":1710763393,"expir_ts":1710791999},{"init_value":1.0,"deriv_term_value":0.0,"terminal_value":0.97372543791444,"strike":68000.0,"start_ts":1710763392,"expir_ts":1710792000},{"init_value":1.0,"deriv_term_value":0.0,"terminal_value":1.049690425329112,"strike":67750.0,"start_ts":1710763392,"expir_ts":1710792000},{"init_value":1.0,"deriv_term_value":0.0,"terminal_value":0.9474940384672778,"strike":69250.0,"start_ts":1710763393,"expir_ts":1710791999},{"init_value":1.0,"deriv_term_value":0.0,"terminal_value":0.9931490686465331,"strike":67500.0,"start_ts":1710763392,"expir_ts":1710792000},{"init_value":1.0,"deriv_term_value":0.0,"terminal_value":1.0117335546537674,"strike":68250.0,"start_ts":1710763392,"expir_ts":1710792000},{"init_value":1.0,"deriv_term_value":0.0,"terminal_value":0.9908302511816587,"strike":72500.0,"start_ts":1711540808,"expir_ts":1711573200},{"init_value":1.0,"deriv_term_value":1.0,"terminal_value":1.0249717125468618,"strike":67000.0,"start_ts":1711540807,"expir_ts":1711573200},{"init_value":1.0,"deriv_term_value":0.0,"terminal_value":0.9412256192679798,"strike":71500.0,"start_ts":1711540808,"expir_ts":1711573200},{"init_value":1.0,"deriv_term_value":1.0,"terminal_value":1.1755806211998872,"strike":68500.0,"start_ts":1711540807,"expir_ts":1711573200},{"init_value":1.0,"deriv_term_value":0.0,"terminal_value":0.8702438735034699,"strike":69500.0,"start_ts":1711540807,"expir_ts":1711573200},{"init_value":1.0,"deriv_term_value":0.0,"terminal_value":0.8676911879063436,"strike":70500.0,"start_ts":1711540808,"expir_ts":1711573200},{"init_value":1.0,"deriv_term_value":0.0,"terminal_value":0.8259693552299505,"strike":70000.0,"start_ts":1711540808,"expir_ts":1711573200},{"init_value":1.0,"deriv_term_value":0.0,"terminal_value":0.5936210929555307,"strike":69000.0,"start_ts":1711540807,"expir_ts":1711573200},{"init_value":1.0,"deriv_term_value":1.0,"terminal_value":0.9996852780245279,"strike":68000.0,"start_ts":1711540807,"expir_ts":1711573200},{"init_value":1.0,"deriv_term_value":0.0,"terminal_value":1.0123794302052895,"strike":71000.0,"start_ts":1711540808,"expir_ts":1711573200},{"init_value":1.0,"deriv_term_value":0.0,"terminal_value":0.9767583460552162,"strike":73000.0,"start_ts":1711540808,"expir_ts":1711573200},{"init_value":1.0,"deriv_term_value":1.0,"terminal_value":1.0362329983190683,"strike":66500.0,"start_ts":1711547792,"expir_ts":1711573200},{"init_value":1.0,"deriv_term_value":0.0,"terminal_value":0.9476782971965119,"strike":72000.0,"start_ts":1711540808,"expir_ts":1711573200},{"init_value":1.0,"deriv_term_value":1.0,"terminal_value":1.0271161977372696,"strike":67500.0,"start_ts":1711540807,"expir_ts":1711573200},{"init_value":1.0,"deriv_term_value":1.0,"terminal_value":1.1696984021920782,"strike":64250.0,"start_ts":1710852974,"expir_ts":1710878400},{"init_value":1.0,"deriv_term_value":1.0,"terminal_value":1.3561799391696319,"strike":63500.0,"start_ts":1710852974,"expir_ts":1710878400},{"init_value":1.0,"deriv_term_value":0.0,"terminal_value":0.9543434166532766,"strike":66000.0,"start_ts":1710849601,"expir_ts":1710878400},{"init_value":1.0,"deriv_term_value":1.0,"terminal_value":1.1992788327996626,"strike":64000.0,"start_ts":1710852974,"expir_ts":1710878400},{"init_value":1.0,"deriv_term_value":1.0,"terminal_value":1.2677066595127977,"strike":63750.0,"start_ts":1710852974,"expir_ts":1710878400},{"init_value":1.0,"deriv_term_value":1.0,"terminal_value":1.1453859221905722,"strike":63250.0,"start_ts":1710852974,"expir_ts":1710878400},{"init_value":1.0,"deriv_term_value":0.0,"terminal_value":0.5742396469203678,"strike":64500.0,"start_ts":1710852975,"expir_ts":1710878400},{"init_value":1.0,"deriv_term_value":1.0,"terminal_value":1.3428821943956155,"strike":63000.0,"start_ts":1710852974,"expir_ts":1710878400},{"init_value":1.0,"deriv_term_value":0.0,"terminal_value":0.7936078957515107,"strike":64750.0,"start_ts":1710852975,"expir_ts":1710878400},{"init_value":1.0,"deriv_term_value":1.0,"terminal_value":1.1158379159470757,"strike":68750.0,"start_ts":1711454514,"expir_ts":1711486800},{"init_value":1.0,"deriv_term_value":0.0,"terminal_value":0.8585371102117098,"strike":71750.0,"start_ts":1711454514,"expir_ts":1711486800},{"init_value":1.0,"deriv_term_value":0.0,"terminal_value":1.123029096858005,"strike":70750.0,"start_ts":1711454514,"expir_ts":1711486800},{"init_value":1.0,"deriv_term_value":1.0,"terminal_value":0.9083895359195301,"strike":69750.0,"start_ts":1711454514,"expir_ts":1711486800},{"init_value":1.0,"deriv_term_value":1.0,"terminal_value":1.069765788252242,"strike":67250.0,"start_ts":1711454514,"expir_ts":1711486800},{"init_value":1.0,"deriv_term_value":1.0,"terminal_value":1.1049874125724075,"strike":67750.0,"start_ts":1711454514,"expir_ts":1711486800},{"init_value":1.0,"deriv_term_value":1.0,"terminal_value":0.9714852525147799,"strike":69250.0,"start_ts":1711454514,"expir_ts":1711486800},{"init_value":1.0,"deriv_term_value":0.0,"terminal_value":1.045975416898059,"strike":70250.0,"start_ts":1711454514,"expir_ts":1711486800},{"init_value":1.0,"deriv_term_value":0.0,"terminal_value":1.0144928610623885,"strike":71250.0,"start_ts":1711454514,"expir_ts":1711486800},{"init_value":1.0,"deriv_term_value":1.0,"terminal_value":1.146179407519235,"strike":68250.0,"start_ts":1711454514,"expir_ts":1711486800},{"init_value":1.0,"deriv_term_value":0.0,"terminal_value":1.0564972389069616,"strike":67000.0,"start_ts":1711022731,"expir_ts":1711054800},{"init_value":1.0,"deriv_term_value":0.0,"terminal_value":0.7529972632120691,"strike":66000.0,"start_ts":1711022731,"expir_ts":1711054800},{"init_value":1.0,"deriv_term_value":1.0,"terminal_value":1.028759222476768,"strike":64000.0,"start_ts":1711022730,"expir_ts":1711054800},{"init_value":1.0,"deriv_term_value":0.0,"terminal_value":0.9095362962904701,"strike":68500.0,"start_ts":1711022731,"expir_ts":1711054800},{"init_value":1.0,"deriv_term_value":1.0,"terminal_value":0.6038550633521838,"strike":65000.0,"start_ts":1711022731,"expir_ts":1711054800},{"init_value":1.0,"deriv_term_value":0.0,"terminal_value":0.9459513399252433,"strike":65500.0,"start_ts":1711022731,"expir_ts":1711054800},{"init_value":1.0,"deriv_term_value":0.0,"terminal_value":0.8830351010250572,"strike":68000.0,"start_ts":1711022731,"expir_ts":1711054800},{"init_value":1.0,"deriv_term_value":1.0,"terminal_value":0.8577937756605712,"strike":64500.0,"start_ts":1711022731,"expir_ts":1711054800},{"init_value":1.0,"deriv_term_value":0.0,"terminal_value":0.8338824552010246,"strike":66500.0,"start_ts":1711022731,"expir_ts":1711054800},{"init_value":1.0,"deriv_term_value":0.0,"terminal_value":0.9409113964741095,"strike":67500.0,"start_ts":1711022731,"expir_ts":1711054800},{"init_value":1.0,"deriv_term_value":1.0,"terminal_value":1.112582402294203,"strike":68750.0,"start_ts":1711627210,"expir_ts":1711659600},{"init_value":1.0,"deriv_term_value":0.0,"terminal_value":0.8557525644464269,"strike":71750.0,"start_ts":1711627210,"expir_ts":1711659600},{"init_value":1.0,"deriv_term_value":0.0,"terminal_value":0.40246686148276534,"strike":70750.0,"start_ts":1711627210,"expir_ts":1711659600},{"init_value":1.0,"deriv_term_value":1.0,"terminal_value":1.1730156949930879,"strike":69750.0,"start_ts":1711627210,"expir_ts":1711659600},{"init_value":1.0,"deriv_term_value":0.0,"terminal_value":0.8963566815408415,"strike":72750.0,"start_ts":1711627210,"expir_ts":1711659600},{"init_value":1.0,"deriv_term_value":0.0,"terminal_value":0.9524436376824646,"strike":73750.0,"start_ts":1711627211,"expir_ts":1711659600},{"init_value":1.0,"deriv_term_value":0.0,"terminal_value":0.9374259793011552,"strike":73250.0,"start_ts":1711627211,"expir_ts":1711659600},{"init_value":1.0,"deriv_term_value":1.0,"terminal_value":1.0576106625048576,"strike":67750.0,"start_ts":1711627210,"expir_ts":1711659600},{"init_value":1.0,"deriv_term_value":0.0,"terminal_value":0.8680828233757103,"strike":72250.0,"start_ts":1711627210,"expir_ts":1711659600},{"init_value":1.0,"deriv_term_value":1.0,"terminal_value":1.143463313059206,"strike":69250.0,"start_ts":1711627210,"expir_ts":1711659600},{"init_value":1.0,"deriv_term_value":1.0,"terminal_value":1.2274525519933033,"strike":70250.0,"start_ts":1711627210,"expir_ts":1711659600},{"init_value":1.0,"deriv_term_value":0.0,"terminal_value":0.6441929934437581,"strike":71250.0,"start_ts":1711627210,"expir_ts":1711659600},{"init_value":1.0,"deriv_term_value":1.0,"terminal_value":1.0808686218680812,"strike":68250.0,"start_ts":1711627210,"expir_ts":1711659600},{"init_value":1.0,"deriv_term_value":0.0,"terminal_value":0.4879362284604796,"strike":68750.0,"start_ts":1718193627,"expir_ts":1718226000},{"init_value":1.0,"deriv_term_value":0.0,"terminal_value":1.019893215461066,"strike":70750.0,"start_ts":1718193628,"expir_ts":1718226000},{"init_value":1.0,"deriv_term_value":0.0,"terminal_value":0.9166989175869114,"strike":69750.0,"start_ts":1718193628,"expir_ts":1718226000},{"init_value":1.0,"deriv_term_value":1.0,"terminal_value":1.0211717631778026,"strike":67250.0,"start_ts":1718193627,"expir_ts":1718226000},{"init_value":1.0,"deriv_term_value":1.0,"terminal_value":0.989812812155811,"strike":67750.0,"start_ts":1718193627,"expir_ts":1718226000},{"init_value":1.0,"deriv_term_value":0.0,"terminal_value":0.7337360012378205,"strike":69250.0,"start_ts":1718193628,"expir_ts":1718226000},{"init_value":1.0,"deriv_term_value":0.0,"terminal_value":1.1105560399563423,"strike":70250.0,"start_ts":1718193628,"expir_ts":1718226000},{"init_value":1.0,"deriv_term_value":0.0,"terminal_value":0.4603801644507112,"strike":68250.0,"start_ts":1718193627,"expir_ts":1718226000},{"init_value":1.0,"deriv_term_value":1.0,"terminal_value":1.2921109916283613,"strike":67000.0,"start_ts":1712318565,"expir_ts":1712350800},{"init_value":1.0,"deriv_term_value":1.0,"terminal_value":1.089988362609269,"strike":66000.0,"start_ts":1712318565,"expir_ts":1712350800},{"init_value":1.0,"deriv_term_value":0.0,"terminal_value":1.0710572849243232,"strike":68500.0,"start_ts":1712318566,"expir_ts":1712350800},{"init_value":1.0,"deriv_term_value":0.0,"terminal_value":0.9619240744816548,"strike":69500.0,"start_ts":1712318566,"expir_ts":1712350800},{"init_value":1.0,"deriv_term_value":1.0,"terminal_value":1.0834736253340418,"strike":65000.0,"start_ts":1712318565,"expir_ts":1712350800},{"init_value":1.0,"deriv_term_value":0.0,"terminal_value":0.975449043756353,"strike":70000.0,"start_ts":1712321421,"expir_ts":1712350799},{"init_value":1.0,"deriv_term_value":1.0,"terminal_value":1.1067960076080006,"strike":65500.0,"start_ts":1712318565,"expir_ts":1712350800},{"init_value":1.0,"deriv_term_value":0.0,"terminal_value":0.9457623042896733,"strike":69000.0,"start_ts":1712318566,"expir_ts":1712350800},{"init_value":1.0,"deriv_term_value":0.0,"terminal_value":1.266343519010015,"strike":68000.0,"start_ts":1712318566,"expir_ts":1712350800},{"init_value":1.0,"deriv_term_value":1.0,"terminal_value":1.058901839103455,"strike":64500.0,"start_ts":1712318565,"expir_ts":1712350800},{"init_value":1.0,"deriv_term_value":1.0,"terminal_value":1.1045631966230334,"strike":66500.0,"start_ts":1712318565,"expir_ts":1712350800},{"init_value":1.0,"deriv_term_value":1.0,"terminal_value":1.1376795707778675,"strike":67500.0,"start_ts":1712318565,"expir_ts":1712350800},{"init_value":1.0,"deriv_term_value":0.0,"terminal_value":0.8871313230231013,"strike":68750.0,"start_ts":1717156801,"expir_ts":1717189200},{"init_value":1.0,"deriv_term_value":1.0,"terminal_value":1.1662343642767128,"strike":67250.0,"start_ts":1717156803,"expir_ts":1717189200},{"init_value":1.0,"deriv_term_value":1.0,"terminal_value":0.9582694826875109,"strike":66250.0,"start_ts":1717156803,"expir_ts":1717189200},{"init_value":1.0,"deriv_term_value":1.0,"terminal_value":0.9899495105796348,"strike":66750.0,"start_ts":1717156800,"expir_ts":1717189200},{"init_value":1.0,"deriv_term_value":0.0,"terminal_value":0.5678002091749583,"strike":67750.0,"start_ts":1717156802,"expir_ts":1717189200},{"init_value":1.0,"deriv_term_value":0.0,"terminal_value":0.8224667582813916,"strike":68250.0,"start_ts":1717156804,"expir_ts":1717189200},{"init_value":1.0,"deriv_term_value":0.0,"terminal_value":0.9449158507356034,"strike":68750.0,"start_ts":1712059436,"expir_ts":1712091600},{"init_value":1.0,"deriv_term_value":1.0,"terminal_value":1.026622431406064,"strike":64250.0,"start_ts":1712059435,"expir_ts":1712091600},{"init_value":1.0,"deriv_term_value":1.0,"terminal_value":1.3274738697999733,"strike":65250.0,"start_ts":1712059435,"expir_ts":1712091600},{"init_value":1.0,"deriv_term_value":0.0,"terminal_value":0.8148881805330639,"strike":67250.0,"start_ts":1712059435,"expir_ts":1712091600},{"init_value":1.0,"deriv_term_value":0.0,"terminal_value":1.2511121828033709,"strike":66250.0,"start_ts":1712059435,"expir_ts":1712091600},{"init_value":1.0,"deriv_term_value":0.0,"terminal_value":0.9008045611508377,"strike":66750.0,"start_ts":1712059435,"expir_ts":1712091600},{"init_value":1.0,"deriv_term_value":0.0,"terminal_value":0.8520985701150576,"strike":67750.0,"start_ts":1712059435,"expir_ts":1712091600},{"init_value":1.0,"deriv_term_value":0.0,"terminal_value":0.9173877858724069,"strike":65750.0,"start_ts":1712059419,"expir_ts":1712091600},{"init_value":1.0,"deriv_term_value":1.0,"terminal_value":0.6894425911568519,"strike":64750.0,"start_ts":1712059435,"expir_ts":1712091600},{"init_value":1.0,"deriv_term_value":0.0,"terminal_value":0.9019673527967039,"strike":68250.0,"start_ts":1712051817,"expir_ts":1712091599},{"init_value":1.0,"deriv_term_value":1.0,"terminal_value":1.1281341601865027,"strike":61750.0,"start_ts":1715256001,"expir_ts":1715288400},{"init_value":1.0,"deriv_term_value":1.0,"terminal_value":1.1563354405955644,"strike":60750.0,"start_ts":1715256000,"expir_ts":1715288400},{"init_value":1.0,"deriv_term_value":0.0,"terminal_value":0.8849780038537702,"strike":62750.0,"start_ts":1715256001,"expir_ts":1715288400},{"init_value":1.0,"deriv_term_value":1.0,"terminal_value":0.9909327247684201,"strike":59250.0,"start_ts":1715256000,"expir_ts":1715288400},{"init_value":1.0,"deriv_term_value":0.0,"terminal_value":0.9549852191625707,"strike":63250.0,"start_ts":1715256001,"expir_ts":1715288400},{"init_value":1.0,"deriv_term_value":1.0,"terminal_value":1.0439306956273542,"strike":59750.0,"start_ts":1715256000,"expir_ts":1715288400},{"init_value":1.0,"deriv_term_value":1.0,"terminal_value":1.3355466567997105,"strike":62250.0,"start_ts":1715256001,"expir_ts":1715288400},{"init_value":1.0,"deriv_term_value":1.0,"terminal_value":1.0932734886588085,"strike":60250.0,"start_ts":1715256000,"expir_ts":1715288400},{"init_value":1.0,"deriv_term_value":1.0,"terminal_value":1.017171696210964,"strike":61250.0,"start_ts":1715256000,"expir_ts":1715288400},{"init_value":1.0,"deriv_term_value":1.0,"terminal_value":1.1007125963766635,"strike":62500.0,"start_ts":1715083200,"expir_ts":1715115600},{"init_value":1.0,"deriv_term_value":0.0,"terminal_value":0.8331924097528769,"strike":63500.0,"start_ts":1715083200,"expir_ts":1715115600},{"init_value":1.0,"deriv_term_value":0.0,"terminal_value":0.8486974634145559,"strike":64000.0,"start_ts":1715083200,"expir_ts":1715115600},{"init_value":1.0,"deriv_term_value":0.0,"terminal_value":0.9489333791898527,"strike":65000.0,"start_ts":1715083200,"expir_ts":1715115600},{"init_value":1.0,"deriv_term_value":0.0,"terminal_value":0.9697339084078668,"strike":65500.0,"start_ts":1715083200,"expir_ts":1715115600},{"init_value":1.0,"deriv_term_value":0.0,"terminal_value":0.9262873924367029,"strike":64500.0,"start_ts":1715083200,"expir_ts":1715115600},{"init_value":1.0,"deriv_term_value":0.0,"terminal_value":0.4717991952045979,"strike":63000.0,"start_ts":1715083200,"expir_ts":1715115600},{"init_value":1.0,"deriv_term_value":1.0,"terminal_value":1.1165070937824104,"strike":62000.0,"start_ts":1715079543,"expir_ts":1715115599},{"init_value":1.0,"deriv_term_value":0.0,"terminal_value":0.9192755889712727,"strike":64250.0,"start_ts":1714996801,"expir_ts":1715029200},{"init_value":1.0,"deriv_term_value":1.0,"terminal_value":1.0792845427749072,"strike":61750.0,"start_ts":1714996801,"expir_ts":1715029200},{"init_value":1.0,"deriv_term_value":0.0,"terminal_value":0.9080090885162251,"strike":65250.0,"start_ts":1714996801,"expir_ts":1715029200},{"init_value":1.0,"deriv_term_value":1.0,"terminal_value":1.0110073015046728,"strike":62750.0,"start_ts":1714996801,"expir_ts":1715029200},{"init_value":1.0,"deriv_term_value":0.0,"terminal_value":0.7791346721583383,"strike":63750.0,"start_ts":1714996801,"expir_ts":1715029200},{"init_value":1.0,"deriv_term_value":1.0,"terminal_value":1.3840436598602155,"strike":63250.0,"start_ts":1714996801,"expir_ts":1715029200},{"init_value":1.0,"deriv_term_value":1.0,"terminal_value":1.0198305085020982,"strike":62250.0,"start_ts":1714996801,"expir_ts":1715029200},{"init_value":1.0,"deriv_term_value":0.0,"terminal_value":0.9580876739222127,"strike":65750.0,"start_ts":1714999912,"expir_ts":1715029200},{"init_value":1.0,"deriv_term_value":0.0,"terminal_value":0.8852987931980406,"strike":64750.0,"start_ts":1714996801,"expir_ts":1715029200},{"init_value":1.0,"deriv_term_value":0.0,"terminal_value":0.7071322254471528,"strike":58000.0,"start_ts":1714564800,"expir_ts":1714597200},{"init_value":1.0,"deriv_term_value":0.0,"terminal_value":1.0632529929009968,"strike":59000.0,"start_ts":1714564800,"expir_ts":1714597200},{"init_value":1.0,"deriv_term_value":1.0,"terminal_value":1.052218919202566,"strike":55500.0,"start_ts":1714564800,"expir_ts":1714597200},{"init_value":1.0,"deriv_term_value":0.0,"terminal_value":0.6240740988315406,"strike":57500.0,"start_ts":1714564800,"expir_ts":1714597200},{"init_value":1.0,"deriv_term_value":1.0,"terminal_value":0.9844682150706506,"strike":56500.0,"start_ts":1714564800,"expir_ts":1714597200},{"init_value":1.0,"deriv_term_value":0.0,"terminal_value":1.0277956535410862,"strike":60000.0,"start_ts":1714564800,"expir_ts":1714597200},{"init_value":1.0,"deriv_term_value":1.0,"terminal_value":1.07241923959378,"strike":56000.0,"start_ts":1714564800,"expir_ts":1714597200},{"init_value":1.0,"deriv_term_value":1.0,"terminal_value":1.0681796167315738,"strike":57000.0,"start_ts":1714564800,"expir_ts":1714597200},{"init_value":1.0,"deriv_term_value":1.0,"terminal_value":1.0373166726493752,"strike":55000.0,"start_ts":1714568033,"expir_ts":1714597200},{"init_value":1.0,"deriv_term_value":0.0,"terminal_value":1.1139208585918918,"strike":59500.0,"start_ts":1714564800,"expir_ts":1714597200},{"init_value":1.0,"deriv_term_value":0.0,"terminal_value":1.0891407671204907,"strike":58500.0,"start_ts":1714564800,"expir_ts":1714597200},{"init_value":1.0,"deriv_term_value":0.0,"terminal_value":0.9702971567154473,"strike":68750.0,"start_ts":1712145734,"expir_ts":1712178000},{"init_value":1.0,"deriv_term_value":1.0,"terminal_value":1.0994995099726173,"strike":64250.0,"start_ts":1712145733,"expir_ts":1712178000},{"init_value":1.0,"deriv_term_value":1.0,"terminal_value":1.13530014488465,"strike":65250.0,"start_ts":1712145734,"expir_ts":1712178000},{"init_value":1.0,"deriv_term_value":0.0,"terminal_value":0.868455148382249,"strike":67250.0,"start_ts":1712145734,"expir_ts":1712178000},{"init_value":1.0,"deriv_term_value":0.0,"terminal_value":0.8671316547073193,"strike":66250.0,"start_ts":1712145734,"expir_ts":1712178000},{"init_value":1.0,"deriv_term_value":1.0,"terminal_value":1.0659561803696664,"strike":63750.0,"start_ts":1712145733,"expir_ts":1712178000},{"init_value":1.0,"deriv_term_value":0.0,"terminal_value":0.9136393090200299,"strike":66750.0,"start_ts":1712145734,"expir_ts":1712178000},{"init_value":1.0,"deriv_term_value":0.0,"terminal_value":0.8995212820585431,"strike":67750.0,"start_ts":1712145734,"expir_ts":1712178000},{"init_value":1.0,"deriv_term_value":0.0,"terminal_value":0.3213712671237785,"strike":65750.0,"start_ts":1712145734,"expir_ts":1712178000},{"init_value":1.0,"deriv_term_value":1.0,"terminal_value":1.1475981931922707,"strike":64750.0,"start_ts":1712145733,"expir_ts":1712178000},{"init_value":1.0,"deriv_term_value":0.0,"terminal_value":0.9394156403054887,"strike":68250.0,"start_ts":1712145734,"expir_ts":1712178000},{"init_value":1.0,"deriv_term_value":0.0,"terminal_value":0.9758920783387539,"strike":62500.0,"start_ts":1715169600,"expir_ts":1715202000},{"init_value":1.0,"deriv_term_value":0.0,"terminal_value":0.970985023798117,"strike":63500.0,"start_ts":1715169600,"expir_ts":1715202000},{"init_value":1.0,"deriv_term_value":1.0,"terminal_value":1.1791414899509816,"strike":61500.0,"start_ts":1715169600,"expir_ts":1715202000},{"init_value":1.0,"deriv_term_value":1.0,"terminal_value":1.1516700388586463,"strike":61000.0,"start_ts":1715169600,"expir_ts":1715202000},{"init_value":1.0,"deriv_term_value":0.0,"terminal_value":1.0997161032562501,"strike":63000.0,"start_ts":1715169600,"expir_ts":1715202000},{"init_value":1.0,"deriv_term_value":0.0,"terminal_value":0.5694256319850215,"strike":62000.0,"start_ts":1715169600,"expir_ts":1715202000},{"init_value":1.0,"deriv_term_value":0.0,"terminal_value":0.790500190950558,"strike":68750.0,"start_ts":1717070404,"expir_ts":1717102800},{"init_value":1.0,"deriv_term_value":0.0,"terminal_value":1.091302206603522,"strike":69750.0,"start_ts":1717070400,"expir_ts":1717102800},{"init_value":1.0,"deriv_term_value":1.0,"terminal_value":1.1391066649570047,"strike":67250.0,"start_ts":1717070405,"expir_ts":1717102800},{"init_value":1.0,"deriv_term_value":1.0,"terminal_value":1.145351452196525,"strike":67750.0,"start_ts":1717070404,"expir_ts":1717102800},{"init_value":1.0,"deriv_term_value":0.0,"terminal_value":0.9788991535403879,"strike":69250.0,"start_ts":1717070405,"expir_ts":1717102800},{"init_value":1.0,"deriv_term_value":0.0,"terminal_value":1.005416694283321,"strike":70250.0,"start_ts":1717070405,"expir_ts":1717102800},{"init_value":1.0,"deriv_term_value":1.0,"terminal_value":1.236085502443016,"strike":68250.0,"start_ts":1717070405,"expir_ts":1717102800},{"init_value":1.0,"deriv_term_value":0.0,"terminal_value":0.9062529476017602,"strike":68750.0,"start_ts":1712233079,"expir_ts":1712264400},{"init_value":1.0,"deriv_term_value":1.0,"terminal_value":1.0981730861995718,"strike":65250.0,"start_ts":1712232001,"expir_ts":1712264400},{"init_value":1.0,"deriv_term_value":0.0,"terminal_value":0.9651911265534311,"strike":69750.0,"start_ts":1712236700,"expir_ts":1712264400},{"init_value":1.0,"deriv_term_value":1.0,"terminal_value":1.006730426437032,"strike":67250.0,"start_ts":1712233078,"expir_ts":1712264399},{"init_value":1.0,"deriv_term_value":1.0,"terminal_value":1.1544998659166545,"strike":66250.0,"start_ts":1712232472,"expir_ts":1712264400},{"init_value":1.0,"deriv_term_value":1.0,"terminal_value":1.1759602651505803,"strike":66750.0,"start_ts":1712232878,"expir_ts":1712264399},{"init_value":1.0,"deriv_term_value":1.0,"terminal_value":1.143677258762662,"strike":67750.0,"start_ts":1712233078,"expir_ts":1712264399},{"init_value":1.0,"deriv_term_value":0.0,"terminal_value":1.1453787229829044,"strike":69250.0,"start_ts":1712232543,"expir_ts":1712264400},{"init_value":1.0,"deriv_term_value":1.0,"terminal_value":1.1408580058054336,"strike":65750.0,"start_ts":1712233078,"expir_ts":1712264399},{"init_value":1.0,"deriv_term_value":0.0,"terminal_value":0.965,"strike":70250.0,"start_ts":1712239822,"expir_ts":1712264400},{"init_value":1.0,"deriv_term_value":0.0,"terminal_value":0.6328222563593462,"strike":68250.0,"start_ts":1712233078,"expir_ts":1712264399},{"init_value":1.0,"deriv_term_value":1.0,"terminal_value":1.0845077633190359,"strike":62500.0,"start_ts":1713521227,"expir_ts":1713560399},{"init_value":1.0,"deriv_term_value":0.0,"terminal_value":0.9061380342728326,"strike":67000.0,"start_ts":1713528013,"expir_ts":1713560400},{"init_value":1.0,"deriv_term_value":1.0,"terminal_value":1.1612869108157164,"strike":63500.0,"start_ts":1713528012,"expir_ts":1713560399},{"init_value":1.0,"deriv_term_value":0.0,"terminal_value":0.8877177247114156,"strike":66000.0,"start_ts":1713528013,"expir_ts":1713560400},{"init_value":1.0,"deriv_term_value":1.0,"terminal_value":1.2548041469920017,"strike":64000.0,"start_ts":1713528010,"expir_ts":1713560400},{"init_value":1.0,"deriv_term_value":0.0,"terminal_value":1.0839580879534587,"strike":65000.0,"start_ts":1713528013,"expir_ts":1713560400},{"init_value":1.0,"deriv_term_value":0.0,"terminal_value":0.9870311113575876,"strike":65500.0,"start_ts":1713528013,"expir_ts":1713560400},{"init_value":1.0,"deriv_term_value":0.0,"terminal_value":0.3641229702399896,"strike":64500.0,"start_ts":1713528013,"expir_ts":1713560400},{"init_value":1.0,"deriv_term_value":1.0,"terminal_value":1.1019904183423934,"strike":63000.0,"start_ts":1713528012,"expir_ts":1713560399},{"init_value":1.0,"deriv_term_value":0.0,"terminal_value":0.8883797728962348,"strike":66500.0,"start_ts":1713528013,"expir_ts":1713560400},{"init_value":1.0,"deriv_term_value":1.0,"terminal_value":1.0820640419280907,"strike":62000.0,"start_ts":1713528012,"expir_ts":1713560399},{"init_value":1.0,"deriv_term_value":0.0,"terminal_value":0.9371355455033056,"strike":67500.0,"start_ts":1713528013,"expir_ts":1713560400},{"init_value":1.0,"deriv_term_value":0.0,"terminal_value":0.780864667981518,"strike":64250.0,"start_ts":1714132805,"expir_ts":1714165200},{"init_value":1.0,"deriv_term_value":0.0,"terminal_value":0.9121529352849396,"strike":65250.0,"start_ts":1714132805,"expir_ts":1714165200},{"init_value":1.0,"deriv_term_value":1.0,"terminal_value":1.0319322490105354,"strike":62750.0,"start_ts":1714132804,"expir_ts":1714165200},{"init_value":1.0,"deriv_term_value":1.0,"terminal_value":1.3037794524997925,"strike":63750.0,"start_ts":1714132805,"expir_ts":1714165200},{"init_value":1.0,"deriv_term_value":1.0,"terminal_value":1.1337901256978093,"strike":63250.0,"start_ts":1714132805,"expir_ts":1714165200},{"init_value":1.0,"deriv_term_value":1.0,"terminal_value":1.0153392822861362,"strike":62250.0,"start_ts":1714132804,"expir_ts":1714165200},{"init_value":1.0,"deriv_term_value":0.0,"terminal_value":0.9480798540440029,"strike":65750.0,"start_ts":1714132805,"expir_ts":1714165200},{"init_value":1.0,"deriv_term_value":0.0,"terminal_value":0.9403084644156721,"strike":64750.0,"start_ts":1714132805,"expir_ts":1714165200},{"init_value":1.0,"deriv_term_value":1.0,"terminal_value":1.1715828231222114,"strike":64250.0,"start_ts":1715774400,"expir_ts":1715806800},{"init_value":1.0,"deriv_term_value":1.0,"terminal_value":1.373604463064913,"strike":65250.0,"start_ts":1715774400,"expir_ts":1715806800},{"init_value":1.0,"deriv_term_value":1.0,"terminal_value":0.972326723806863,"strike":62750.0,"start_ts":1715774400,"expir_ts":1715806800},{"init_value":1.0,"deriv_term_value":0.0,"terminal_value":0.8716473717030397,"strike":66250.0,"start_ts":1715774400,"expir_ts":1715806800},{"init_value":1.0,"deriv_term_value":1.0,"terminal_value":1.2047204836252328,"strike":63750.0,"start_ts":1715774400,"expir_ts":1715806800},{"init_value":1.0,"deriv_term_value":0.0,"terminal_value":1.0379446434051134,"strike":66750.0,"start_ts":1715774400,"expir_ts":1715806800},{"init_value":1.0,"deriv_term_value":1.0,"terminal_value":1.2138190271329101,"strike":63250.0,"start_ts":1715774400,"expir_ts":1715806800},{"init_value":1.0,"deriv_term_value":1.0,"terminal_value":1.0662776589779317,"strike":62250.0,"start_ts":1715774400,"expir_ts":1715806800},{"init_value":1.0,"deriv_term_value":1.0,"terminal_value":1.5310915600930863,"strike":65750.0,"start_ts":1715774400,"expir_ts":1715806800},{"init_value":1.0,"deriv_term_value":1.0,"terminal_value":1.4165005674357682,"strike":64750.0,"start_ts":1715774400,"expir_ts":1715806800},{"init_value":1.0,"deriv_term_value":1.0,"terminal_value":0.9872313225795338,"strike":58000.0,"start_ts":1713366943,"expir_ts":1713387600},{"init_value":1.0,"deriv_term_value":0.0,"terminal_value":0.9757379028529036,"strike":62500.0,"start_ts":1713355205,"expir_ts":1713387600},{"init_value":1.0,"deriv_term_value":1.0,"terminal_value":0.9103815897242121,"strike":59000.0,"start_ts":1713356940,"expir_ts":1713387600},{"init_value":1.0,"deriv_term_value":0.0,"terminal_value":0.9147755004083813,"strike":63500.0,"start_ts":1713355205,"expir_ts":1713387600},{"init_value":1.0,"deriv_term_value":0.0,"terminal_value":1.124645601101726,"strike":61500.0,"start_ts":1713355204,"expir_ts":1713387600},{"init_value":1.0,"deriv_term_value":0.0,"terminal_value":0.9171179294019112,"strike":64000.0,"start_ts":1713355205,"expir_ts":1713387600},{"init_value":1.0,"deriv_term_value":1.0,"terminal_value":1.249040564441486,"strike":60500.0,"start_ts":1713355204,"expir_ts":1713387600},{"init_value":1.0,"deriv_term_value":0.0,"terminal_value":0.9892850726760629,"strike":65000.0,"start_ts":1713355205,"expir_ts":1713387600},{"init_value":1.0,"deriv_term_value":1.0,"terminal_value":0.8498046341106595,"strike":60000.0,"start_ts":1713355204,"expir_ts":1713387600},{"init_value":1.0,"deriv_term_value":0.0,"terminal_value":0.5422855578349945,"strike":61000.0,"start_ts":1713355204,"expir_ts":1713387600},{"init_value":1.0,"deriv_term_value":0.0,"terminal_value":0.9522592040263798,"strike":64500.0,"start_ts":1713355205,"expir_ts":1713387600},{"init_value":1.0,"deriv_term_value":0.0,"terminal_value":0.9807799407022988,"strike":63000.0,"start_ts":1713355205,"expir_ts":1713387600},{"init_value":1.0,"deriv_term_value":1.0,"terminal_value":0.8680314838995105,"strike":59500.0,"start_ts":1713357405,"expir_ts":1713387599},{"init_value":1.0,"deriv_term_value":0.0,"terminal_value":0.9534135843116076,"strike":62000.0,"start_ts":1713355205,"expir_ts":1713387600},{"init_value":1.0,"deriv_term_value":1.0,"terminal_value":1.0018862856467494,"strike":58500.0,"start_ts":1713363814,"expir_ts":1713387600},{"init_value":1.0,"deriv_term_value":0.0,"terminal_value":0.7435401870742411,"strike":68750.0,"start_ts":1716465609,"expir_ts":1716498000},{"init_value":1.0,"deriv_term_value":1.0,"terminal_value":1.013256233183909,"strike":65250.0,"start_ts":1716466618,"expir_ts":1716498000},{"init_value":1.0,"deriv_term_value":0.0,"terminal_value":0.8298946982774216,"strike":70750.0,"start_ts":1716465609,"expir_ts":1716498000},{"init_value":1.0,"deriv_term_value":0.0,"terminal_value":0.8372360691085385,"strike":69750.0,"start_ts":1716465609,"expir_ts":1716498000},{"init_value":1.0,"deriv_term_value":1.0,"terminal_value":0.9491317469130901,"strike":67250.0,"start_ts":1716465608,"expir_ts":1716498000},{"init_value":1.0,"deriv_term_value":1.0,"terminal_value":0.9949698484060041,"strike":66250.0,"start_ts":1716466020,"expir_ts":1716498000},{"init_value":1.0,"deriv_term_value":1.0,"terminal_value":0.6784363368241293,"strike":66750.0,"start_ts":1716465608,"expir_ts":1716498000},{"init_value":1.0,"deriv_term_value":1.0,"terminal_value":1.113407026095129,"strike":67750.0,"start_ts":1716465608,"expir_ts":1716498000},{"init_value":1.0,"deriv_term_value":0.0,"terminal_value":0.586634946404481,"strike":69250.0,"start_ts":1716465609,"expir_ts":1716498000},{"init_value":1.0,"deriv_term_value":1.0,"terminal_value":1.0448716716092132,"strike":65750.0,"start_ts":1716466618,"expir_ts":1716498000},{"init_value":1.0,"deriv_term_value":0.0,"terminal_value":0.9072386278246143,"strike":70250.0,"start_ts":1716465609,"expir_ts":1716498000},{"init_value":1.0,"deriv_term_value":0.0,"terminal_value":0.43143700300431215,"strike":68250.0,"start_ts":1716465608,"expir_ts":1716498000},{"init_value":1.0,"deriv_term_value":1.0,"terminal_value":1.6049057200740113,"strike":68750.0,"start_ts":1716552000,"expir_ts":1716584400},{"init_value":1.0,"deriv_term_value":1.0,"terminal_value":1.0395592154873734,"strike":67250.0,"start_ts":1716552002,"expir_ts":1716584400},{"init_value":1.0,"deriv_term_value":1.0,"terminal_value":1.0525250924947323,"strike":66750.0,"start_ts":1716552001,"expir_ts":1716584400},{"init_value":1.0,"deriv_term_value":1.0,"terminal_value":1.2322987751197083,"strike":67750.0,"start_ts":1716552000,"expir_ts":1716584400},{"init_value":1.0,"deriv_term_value":0.0,"terminal_value":0.9647999967722081,"strike":69250.0,"start_ts":1716552000,"expir_ts":1716584400},{"init_value":1.0,"deriv_term_value":1.0,"terminal_value":1.3415391316733003,"strike":68250.0,"start_ts":1716552002,"expir_ts":1716584400},{"init_value":1.0,"deriv_term_value":1.0,"terminal_value":1.039330209702724,"strike":68750.0,"start_ts":1712750702,"expir_ts":1712782799},{"init_value":1.0,"deriv_term_value":1.0,"terminal_value":0.9608853587958257,"strike":65250.0,"start_ts":1712752098,"expir_ts":1712782800},{"init_value":1.0,"deriv_term_value":0.0,"terminal_value":0.8897096295977555,"strike":70750.0,"start_ts":1712750703,"expir_ts":1712782800},{"init_value":1.0,"deriv_term_value":1.0,"terminal_value":1.836955452551531,"strike":69750.0,"start_ts":1712750703,"expir_ts":1712782800},{"init_value":1.0,"deriv_term_value":1.0,"terminal_value":0.9907675612685931,"strike":67250.0,"start_ts":1712750702,"expir_ts":1712782799},{"init_value":1.0,"deriv_term_value":1.0,"terminal_value":0.9639169694001243,"strike":66250.0,"start_ts":1712750702,"expir_ts":1712782799},{"init_value":1.0,"deriv_term_value":1.0,"terminal_value":0.8212802475062712,"strike":66750.0,"start_ts":1712750702,"expir_ts":1712782799},{"init_value":1.0,"deriv_term_value":1.0,"terminal_value":1.0104598888668994,"strike":67750.0,"start_ts":1712750702,"expir_ts":1712782799},{"init_value":1.0,"deriv_term_value":1.0,"terminal_value":1.1366004640069698,"strike":69250.0,"start_ts":1712750703,"expir_ts":1712782800},{"init_value":1.0,"deriv_term_value":1.0,"terminal_value":0.9198970860025093,"strike":65750.0,"start_ts":1712750789,"expir_ts":1712782800},{"init_value":1.0,"deriv_term_value":0.0,"terminal_value":0.9917700945053234,"strike":70250.0,"start_ts":1712750703,"expir_ts":1712782800},{"init_value":1.0,"deriv_term_value":1.0,"terminal_value":1.0748910310310553,"strike":68250.0,"start_ts":1712750702,"expir_ts":1712782799},{"init_value":1.0,"deriv_term_value":1.0,"terminal_value":1.0771503250139107,"strike":68750.0,"start_ts":1712837055,"expir_ts":1712869200},{"init_value":1.0,"deriv_term_value":0.0,"terminal_value":0.9732241219609092,"strike":71750.0,"start_ts":1712837055,"expir_ts":1712869200},{"init_value":1.0,"deriv_term_value":0.0,"terminal_value":0.5170244714806311,"strike":70750.0,"start_ts":1712837055,"expir_ts":1712869200},{"init_value":1.0,"deriv_term_value":1.0,"terminal_value":0.7858921117957173,"strike":69750.0,"start_ts":1712837055,"expir_ts":1712869200},{"init_value":1.0,"deriv_term_value":0.0,"terminal_value":0.9719021565256712,"strike":72750.0,"start_ts":1712837055,"expir_ts":1712869200},{"init_value":1.0,"deriv_term_value":1.0,"terminal_value":1.0451708384432548,"strike":67750.0,"start_ts":1712837055,"expir_ts":1712869200},{"init_value":1.0,"deriv_term_value":0.0,"terminal_value":0.9375933042164457,"strike":72250.0,"start_ts":1712837055,"expir_ts":1712869200},{"init_value":1.0,"deriv_term_value":1.0,"terminal_value":1.036293606331266,"strike":69250.0,"start_ts":1712837055,"expir_ts":1712869200},{"init_value":1.0,"deriv_term_value":1.0,"terminal_value":1.364163053608865,"strike":70250.0,"start_ts":1712837055,"expir_ts":1712869200},{"init_value":1.0,"deriv_term_value":0.0,"terminal_value":0.7984556978751408,"strike":71250.0,"start_ts":1712837055,"expir_ts":1712869200},{"init_value":1.0,"deriv_term_value":1.0,"terminal_value":1.0811865379843606,"strike":68250.0,"start_ts":1712837055,"expir_ts":1712869200},{"init_value":1.0,"deriv_term_value":0.0,"terminal_value":0.9539336490470276,"strike":64250.0,"start_ts":1714392032,"expir_ts":1714424400},{"init_value":1.0,"deriv_term_value":1.0,"terminal_value":1.0070341682140902,"strike":61750.0,"start_ts":1714392031,"expir_ts":1714424400},{"init_value":1.0,"deriv_term_value":1.0,"terminal_value":1.0367534415569517,"strike":60750.0,"start_ts":1714392031,"expir_ts":1714424400},{"init_value":1.0,"deriv_term_value":1.0,"terminal_value":1.1910600263197333,"strike":62750.0,"start_ts":1714392031,"expir_ts":1714424400},{"init_value":1.0,"deriv_term_value":0.0,"terminal_value":0.9001244237596963,"strike":63750.0,"start_ts":1714392032,"expir_ts":1714424400},{"init_value":1.0,"deriv_term_value":0.0,"terminal_value":0.9696004474095714,"strike":63250.0,"start_ts":1714392032,"expir_ts":1714424400},{"init_value":1.0,"deriv_term_value":1.0,"terminal_value":1.13279354919789,"strike":62250.0,"start_ts":1714392031,"expir_ts":1714424400},{"init_value":1.0,"deriv_term_value":1.0,"terminal_value":1.0984547642255844,"strike":61250.0,"start_ts":1714392031,"expir_ts":1714424400},{"init_value":1.0,"deriv_term_value":1.0,"terminal_value":1.1702446721497188,"strike":68750.0,"start_ts":1716379225,"expir_ts":1716411600},{"init_value":1.0,"deriv_term_value":0.0,"terminal_value":0.950751508493686,"strike":71750.0,"start_ts":1716379221,"expir_ts":1716411600},{"init_value":1.0,"deriv_term_value":0.0,"terminal_value":0.9915581806353665,"strike":70750.0,"start_ts":1716379223,"expir_ts":1716411600},{"init_value":1.0,"deriv_term_value":0.0,"terminal_value":0.7153238735865186,"strike":69750.0,"start_ts":1716379222,"expir_ts":1716411600},{"init_value":1.0,"deriv_term_value":1.0,"terminal_value":1.2369513479702638,"strike":69250.0,"start_ts":1716379225,"expir_ts":1716411600},{"init_value":1.0,"deriv_term_value":0.0,"terminal_value":0.9283697434962108,"strike":70250.0,"start_ts":1716379224,"expir_ts":1716411600},{"init_value":1.0,"deriv_term_value":0.0,"terminal_value":0.9401171011949153,"strike":71250.0,"start_ts":1716379219,"expir_ts":1716411600},{"init_value":1.0,"deriv_term_value":1.0,"terminal_value":1.1309354789325565,"strike":68250.0,"start_ts":1716379226,"expir_ts":1716411600},{"init_value":1.0,"deriv_term_value":1.0,"terminal_value":1.3826391385523076,"strike":62500.0,"start_ts":1713268830,"expir_ts":1713301200},{"init_value":1.0,"deriv_term_value":0.0,"terminal_value":1.1675309068681123,"strike":63500.0,"start_ts":1713268831,"expir_ts":1713301200},{"init_value":1.0,"deriv_term_value":0.0,"terminal_value":0.9430588673697603,"strike":66000.0,"start_ts":1713268831,"expir_ts":1713301200},{"init_value":1.0,"deriv_term_value":1.0,"terminal_value":1.0699413318319762,"strike":61500.0,"start_ts":1713265141,"expir_ts":1713301200},{"init_value":1.0,"deriv_term_value":0.0,"terminal_value":0.8682910972574929,"strike":64000.0,"start_ts":1713268831,"expir_ts":1713301200},{"init_value":1.0,"deriv_term_value":1.0,"terminal_value":1.04960447622482,"strike":60500.0,"start_ts":1713268830,"expir_ts":1713301200},{"init_value":1.0,"deriv_term_value":0.0,"terminal_value":0.8791710267103129,"strike":65000.0,"start_ts":1713268831,"expir_ts":1713301200},{"init_value":1.0,"deriv_term_value":0.0,"terminal_value":0.9044820694801389,"strike":65500.0,"start_ts":1713268831,"expir_ts":1713301200},{"init_value":1.0,"deriv_term_value":1.0,"terminal_value":1.0528192072727576,"strike":61000.0,"start_ts":1713268830,"expir_ts":1713301200},{"init_value":1.0,"deriv_term_value":0.0,"terminal_value":0.8469398800353335,"strike":64500.0,"start_ts":1713268831,"expir_ts":1713301200},{"init_value":1.0,"deriv_term_value":1.0,"terminal_value":1.910659984002282,"strike":63000.0,"start_ts":1713268830,"expir_ts":1713301200},{"init_value":1.0,"deriv_term_value":1.0,"terminal_value":0.848816737235542,"strike":62000.0,"start_ts":1713268830,"expir_ts":1713301200},{"init_value":1.0,"deriv_term_value":0.0,"terminal_value":0.9524273898772246,"strike":62500.0,"start_ts":1715682884,"expir_ts":1715720400},{"init_value":1.0,"deriv_term_value":0.0,"terminal_value":0.9687501193661185,"strike":63500.0,"start_ts":1715688000,"expir_ts":1715720400},{"init_value":1.0,"deriv_term_value":1.0,"terminal_value":1.3201146621420032,"strike":61500.0,"start_ts":1715688000,"expir_ts":1715720400},{"init_value":1.0,"deriv_term_value":1.0,"terminal_value":0.988434789622847,"strike":60500.0,"start_ts":1715688000,"expir_ts":1715720400},{"init_value":1.0,"deriv_term_value":1.0,"terminal_value":1.0508168966718345,"strike":60000.0,"start_ts":1715688000,"expir_ts":1715720400},{"init_value":1.0,"deriv_term_value":1.0,"terminal_value":1.027427309718001,"strike":61000.0,"start_ts":1715688000,"expir_ts":1715720400},{"init_value":1.0,"deriv_term_value":0.0,"terminal_value":1.0050656257551842,"strike":63000.0,"start_ts":1715688000,"expir_ts":1715720400},{"init_value":1.0,"deriv_term_value":0.0,"terminal_value":1.089760864990744,"strike":62000.0,"start_ts":1715682876,"expir_ts":1715720400},{"init_value":1.0,"deriv_term_value":0.0,"terminal_value":1.0136218570048268,"strike":64250.0,"start_ts":1713441618,"expir_ts":1713473999},{"init_value":1.0,"deriv_term_value":1.0,"terminal_value":0.9967050965946049,"strike":61750.0,"start_ts":1713441618,"expir_ts":1713473999},{"init_value":1.0,"deriv_term_value":0.0,"terminal_value":0.9537721306248736,"strike":65250.0,"start_ts":1713441618,"expir_ts":1713473999},{"init_value":1.0,"deriv_term_value":1.0,"terminal_value":1.0419511904933056,"strike":60750.0,"start_ts":1713441618,"expir_ts":1713473999},{"init_value":1.0,"deriv_term_value":1.0,"terminal_value":1.1097674708635719,"strike":62750.0,"start_ts":1713441618,"expir_ts":1713473999},{"init_value":1.0,"deriv_term_value":0.0,"terminal_value":0.968577930170051,"strike":66250.0,"start_ts":1713444530,"expir_ts":1713474000},{"init_value":1.0,"deriv_term_value":0.0,"terminal_value":0.8238386041291843,"strike":63750.0,"start_ts":1713441618,"expir_ts":1713473999},{"init_value":1.0,"deriv_term_value":1.0,"terminal_value":1.3193508764677282,"strike":63250.0,"start_ts":1713441618,"expir_ts":1713473999},{"init_value":1.0,"deriv_term_value":1.0,"terminal_value":0.9768476202684715,"strike":59750.0,"start_ts":1713441617,"expir_ts":1713474000},{"init_value":1.0,"deriv_term_value":1.0,"terminal_value":1.1063012338052467,"strike":62250.0,"start_ts":1713441615,"expir_ts":1713474000},{"init_value":1.0,"deriv_term_value":0.0,"terminal_value":0.956201596695145,"strike":65750.0,"start_ts":1713444539,"expir_ts":1713473999},{"init_value":1.0,"deriv_term_value":1.0,"terminal_value":0.9902187021471428,"strike":60250.0,"start_ts":1713441617,"expir_ts":1713474000},{"init_value":1.0,"deriv_term_value":0.0,"terminal_value":0.9292644132423379,"strike":64750.0,"start_ts":1713441618,"expir_ts":1713473999},{"init_value":1.0,"deriv_term_value":1.0,"terminal_value":1.0383097242142287,"strike":61250.0,"start_ts":1713441618,"expir_ts":1713473999},{"init_value":1.0,"deriv_term_value":0.0,"terminal_value":0.9120928522337877,"strike":64250.0,"start_ts":1715601602,"expir_ts":1715634000},{"init_value":1.0,"deriv_term_value":1.0,"terminal_value":1.1127845915218537,"strike":61750.0,"start_ts":1715601601,"expir_ts":1715634000},{"init_value":1.0,"deriv_term_value":1.0,"terminal_value":1.1637477857308447,"strike":62750.0,"start_ts":1715601602,"expir_ts":1715634000},{"init_value":1.0,"deriv_term_value":0.0,"terminal_value":0.9229433753141492,"strike":63750.0,"start_ts":1715601602,"expir_ts":1715634000},{"init_value":1.0,"deriv_term_value":0.0,"terminal_value":0.8189682212819789,"strike":63250.0,"start_ts":1715601602,"expir_ts":1715634000},{"init_value":1.0,"deriv_term_value":1.0,"terminal_value":1.0852572038095751,"strike":62250.0,"start_ts":1715601601,"expir_ts":1715634000},{"init_value":1.0,"deriv_term_value":1.0,"terminal_value":1.0937360195040307,"strike":61250.0,"start_ts":1715601601,"expir_ts":1715634000},{"init_value":1.0,"deriv_term_value":0.0,"terminal_value":0.9759263273728971,"strike":71750.0,"start_ts":1717675200,"expir_ts":1717707600},{"init_value":1.0,"deriv_term_value":0.0,"terminal_value":0.7200362845376198,"strike":70750.0,"start_ts":1717675202,"expir_ts":1717707600},{"init_value":1.0,"deriv_term_value":1.0,"terminal_value":1.1146070539621675,"strike":69750.0,"start_ts":1717675203,"expir_ts":1717707600},{"init_value":1.0,"deriv_term_value":0.0,"terminal_value":0.9139639510910692,"strike":72250.0,"start_ts":1717675200,"expir_ts":1717707600},{"init_value":1.0,"deriv_term_value":1.0,"terminal_value":1.146576725614255,"strike":70250.0,"start_ts":1717675201,"expir_ts":1717707600},{"init_value":1.0,"deriv_term_value":0.0,"terminal_value":0.699869524734787,"strike":71250.0,"start_ts":1717675207,"expir_ts":1717707600},{"init_value":1.0,"deriv_term_value":1.0,"terminal_value":0.8460974153128599,"strike":68750.0,"start_ts":1717761605,"expir_ts":1717794000},{"init_value":1.0,"deriv_term_value":0.0,"terminal_value":1.05365804328361,"strike":71750.0,"start_ts":1717761605,"expir_ts":1717794000},{"init_value":1.0,"deriv_term_value":0.0,"terminal_value":0.7024261931575845,"strike":70750.0,"start_ts":1717761605,"expir_ts":1717794000},{"init_value":1.0,"deriv_term_value":0.0,"terminal_value":0.6245732647690718,"strike":69750.0,"start_ts":1717761600,"expir_ts":1717794000},{"init_value":1.0,"deriv_term_value":1.0,"terminal_value":1.3181070556194912,"strike":69250.0,"start_ts":1717761603,"expir_ts":1717794000},{"init_value":1.0,"deriv_term_value":0.0,"terminal_value":0.6767536476585391,"strike":70250.0,"start_ts":1717761601,"expir_ts":1717794000},{"init_value":1.0,"deriv_term_value":0.0,"terminal_value":0.7424540578429352,"strike":71250.0,"start_ts":1717761600,"expir_ts":1717794000}]