[{"init_value":1.0,"deriv_term_value":1.0,"terminal_value":1.535,"strike":69500.0,"start_ts":1718020820,"expir_ts":1718053199},{"init_value":1.0,"deriv_term_value":0.0,"terminal_value":0.855,"strike":70500.0,"start_ts":1718020820,"expir_ts":1718053199},{"init_value":1.0,"deriv_term_value":0.0,"terminal_value":0.725,"strike":70000.0,"start_ts":1718020820,"expir_ts":1718053199},{"init_value":1.0,"deriv_term_value":1.0,"terminal_value":1.3399999999999999,"strike":69000.0,"start_ts":1718020820,"expir_ts":1718053199},{"init_value":1.0,"deriv_term_value":1.0,"terminal_value":1.145,"strike":65250.0,"start_ts":1718107202,"expir_ts":1718139600},{"init_value":1.0,"deriv_term_value":1.0,"terminal_value":1.575,"strike":67250.0,"start_ts":1718107204,"expir_ts":1718139600},{"init_value":1.0,"deriv_term_value":1.0,"terminal_value":1.315,"strike":66250.0,"start_ts":1718107204,"expir_ts":1718139600},{"init_value":1.0,"deriv_term_value":1.0,"terminal_value":1.435,"strike":66750.0,"start_ts":1718107204,"expir_ts":1718139600},{"init_value":1.0,"deriv_term_value":0.0,"terminal_value":0.7150000000000001,"strike":67750.0,"start_ts":1718107204,"expir_ts":1718139600},{"init_value":1.0,"deriv_term_value":1.0,"terminal_value":1.2149999999999999,"strike":65750.0,"start_ts":1718107204,"expir_ts":1718139600},{"init_value":1.0,"deriv_term_value":1.0,"terminal_value":1.1,"strike":64750.0,"start_ts":1718107201,"expir_ts":1718139600},{"init_value":1.0,"deriv_term_value":1.0,"terminal_value":1.22,"strike":62500.0,"start_ts":1711108925,"expir_ts":1711141200},{"init_value":1.0,"deriv_term_value":0.0,"terminal_value":0.88,"strike":67000.0,"start_ts":1711108925,"expir_ts":1711141200},{"init_value":1.0,"deriv_term_value":1.0,"terminal_value":1.365,"strike":63500.0,"start_ts":1711108925,"expir_ts":1711141200},{"init_value":1.0,"deriv_term_value":0.0,"terminal_value":0.77,"strike":66000.0,"start_ts":1711108925,"expir_ts":1711141200},{"init_value":1.0,"deriv_term_value":1.0,"terminal_value":1.1099999999999999,"strike":61500.0,"start_ts":1711108924,"expir_ts":1711141200},{"init_value":1.0,"deriv_term_value":0.0,"terminal_value":0.44999999999999996,"strike":64000.0,"start_ts":1711108925,"expir_ts":1711141200},{"init_value":1.0,"deriv_term_value":0.0,"terminal_value":0.625,"strike":65000.0,"start_ts":1711108925,"expir_ts":1711141200},{"init_value":1.0,"deriv_term_value":0.0,"terminal_value":0.7,"strike":65500.0,"start_ts":1711107486,"expir_ts":1711141200},{"init_value":1.0,"deriv_term_value":1.0,"terminal_value":1.08,"strike":61000.0,"start_ts":1711108924,"expir_ts":1711141200},{"init_value":1.0,"deriv_term_value":0.0,"terminal_value":0.54,"strike":64500.0,"start_ts":1711108925,"expir_ts":1711141200},{"init_value":1.0,"deriv_term_value":1.0,"terminal_value":1.29,"strike":63000.0,"start_ts":1711108925,"expir_ts":1711141200},{"init_value":1.0,"deriv_term_value":0.0,"terminal_value":0.83,"strike":66500.0,"start_ts":1711108925,"expir_ts":1711141200},{"init_value":1.0,"deriv_term_value":1.0,"terminal_value":1.1600000000000001,"strike":62000.0,"start_ts":1711108925,"expir_ts":1711141200},{"init_value":1.0,"deriv_term_value":1.0,"terminal_value":1.45,"strike":67000.0,"start_ts":1711369893,"expir_ts":1711400400},{"init_value":1.0,"deriv_term_value":1.0,"terminal_value":1.24,"strike":66000.0,"start_ts":1711369893,"expir_ts":1711400400},{"init_value":1.0,"deriv_term_value":0.0,"terminal_value":0.965,"strike":71500.0,"start_ts":1711375233,"expir_ts":1711400400},{"init_value":1.0,"deriv_term_value":1.0,"terminal_value":1.76,"strike":68500.0,"start_ts":1711369893,"expir_ts":1711400400},{"init_value":1.0,"deriv_term_value":1.0,"terminal_value":1.9,"strike":69500.0,"start_ts":1711369893,"expir_ts":1711400400},{"init_value":1.0,"deriv_term_value":1.0,"terminal_value":1.96,"strike":70500.0,"start_ts":1711369893,"expir_ts":1711400400},{"init_value":1.0,"deriv_term_value":1.0,"terminal_value":1.94,"strike":70000.0,"start_ts":1711369893,"expir_ts":1711400400},{"init_value":1.0,"deriv_term_value":1.0,"terminal_value":1.8399999999999999,"strike":69000.0,"start_ts":1711369893,"expir_ts":1711400400},{"init_value":1.0,"deriv_term_value":1.0,"terminal_value":1.67,"strike":68000.0,"start_ts":1711369893,"expir_ts":1711400400},{"init_value":1.0,"deriv_term_value":0.0,"terminal_value":0.965,"strike":71000.0,"start_ts":1711375102,"expir_ts":1711400400},{"init_value":1.0,"deriv_term_value":1.0,"terminal_value":1.3399999999999999,"strike":66500.0,"start_ts":1711369893,"expir_ts":1711400400},{"init_value":1.0,"deriv_term_value":1.0,"terminal_value":1.56,"strike":67500.0,"start_ts":1711369893,"expir_ts":1711400400},{"init_value":1.0,"deriv_term_value":0.0,"terminal_value":0.965,"strike":72500.0,"start_ts":1711973068,"expir_ts":1712005200},{"init_value":1.0,"deriv_term_value":1.0,"terminal_value":1.075,"strike":67000.0,"start_ts":1711973067,"expir_ts":1712005200},{"init_value":1.0,"deriv_term_value":0.0,"terminal_value":0.885,"strike":71500.0,"start_ts":1711973068,"expir_ts":1712005200},{"init_value":1.0,"deriv_term_value":1.0,"terminal_value":1.28,"strike":68500.0,"start_ts":1711973067,"expir_ts":1712005200},{"init_value":1.0,"deriv_term_value":1.0,"terminal_value":1.505,"strike":69500.0,"start_ts":1711973067,"expir_ts":1712005200},{"init_value":1.0,"deriv_term_value":0.0,"terminal_value":0.725,"strike":70500.0,"start_ts":1711973068,"expir_ts":1712005200},{"init_value":1.0,"deriv_term_value":0.0,"terminal_value":0.615,"strike":70000.0,"start_ts":1711973068,"expir_ts":1712005200},{"init_value":1.0,"deriv_term_value":1.0,"terminal_value":1.385,"strike":69000.0,"start_ts":1711973067,"expir_ts":1712005200},{"init_value":1.0,"deriv_term_value":1.0,"terminal_value":1.1949999999999998,"strike":68000.0,"start_ts":1711973067,"expir_ts":1712005200},{"init_value":1.0,"deriv_term_value":0.0,"terminal_value":0.81,"strike":71000.0,"start_ts":1711970477,"expir_ts":1712005200},{"init_value":1.0,"deriv_term_value":1.0,"terminal_value":1.04,"strike":66500.0,"start_ts":1711973067,"expir_ts":1712005200},{"init_value":1.0,"deriv_term_value":0.0,"terminal_value":0.9299999999999999,"strike":72000.0,"start_ts":1711973068,"expir_ts":1712005200},{"init_value":1.0,"deriv_term_value":1.0,"terminal_value":1.125,"strike":67500.0,"start_ts":1711973067,"expir_ts":1712005200},{"init_value":1.0,"deriv_term_value":0.0,"terminal_value":0.83,"strike":62500.0,"start_ts":1714478403,"expir_ts":1714510800},{"init_value":1.0,"deriv_term_value":1.0,"terminal_value":1.06,"strike":59000.0,"start_ts":1714478403,"expir_ts":1714510800},{"init_value":1.0,"deriv_term_value":0.0,"terminal_value":0.595,"strike":61500.0,"start_ts":1714478403,"expir_ts":1714510800},{"init_value":1.0,"deriv_term_value":0.0,"terminal_value":0.31999999999999995,"strike":60500.0,"start_ts":1714478403,"expir_ts":1714510800},{"init_value":1.0,"deriv_term_value":0.0,"terminal_value":0.19999999999999996,"strike":60000.0,"start_ts":1714478403,"expir_ts":1714510800},{"init_value":1.0,"deriv_term_value":0.0,"terminal_value":0.45499999999999996,"strike":61000.0,"start_ts":1714478403,"expir_ts":1714510800},{"init_value":1.0,"deriv_term_value":0.0,"terminal_value":0.91,"strike":63000.0,"start_ts":1714478403,"expir_ts":1714510800},{"init_value":1.0,"deriv_term_value":1.0,"terminal_value":1.12,"strike":59500.0,"start_ts":1714478403,"expir_ts":1714510800},{"init_value":1.0,"deriv_term_value":0.0,"terminal_value":0.73,"strike":62000.0,"start_ts":1714478403,"expir_ts":1714510800},{"init_value":1.0,"deriv_term_value":1.0,"terminal_value":1.03,"strike":58500.0,"start_ts":1714478476,"expir_ts":1714510800},{"init_value":1.0,"deriv_term_value":1.0,"terminal_value":1.9649999999999999,"strike":62500.0,"start_ts":1714737691,"expir_ts":1714770000},{"init_value":1.0,"deriv_term_value":1.0,"terminal_value":1.385,"strike":59000.0,"start_ts":1714737630,"expir_ts":1714770000},{"init_value":1.0,"deriv_term_value":0.0,"terminal_value":0.965,"strike":63500.0,"start_ts":1714737688,"expir_ts":1714770000},{"init_value":1.0,"deriv_term_value":1.0,"terminal_value":1.96,"strike":61500.0,"start_ts":1714737691,"expir_ts":1714770000},{"init_value":1.0,"deriv_term_value":1.0,"terminal_value":1.855,"strike":60500.0,"start_ts":1714737631,"expir_ts":1714770000},{"init_value":1.0,"deriv_term_value":1.0,"terminal_value":1.72,"strike":60000.0,"start_ts":1714737630,"expir_ts":1714770000},{"init_value":1.0,"deriv_term_value":1.0,"terminal_value":1.935,"strike":61000.0,"start_ts":1714737631,"expir_ts":1714770000},{"init_value":1.0,"deriv_term_value":0.0,"terminal_value":0.965,"strike":63000.0,"start_ts":1714737694,"expir_ts":1714769999},{"init_value":1.0,"deriv_term_value":1.0,"terminal_value":1.56,"strike":59500.0,"start_ts":1714737630,"expir_ts":1714770000},{"init_value":1.0,"deriv_term_value":1.0,"terminal_value":1.9649999999999999,"strike":62000.0,"start_ts":1714737692,"expir_ts":1714770000},{"init_value":1.0,"deriv_term_value":1.0,"terminal_value":1.045,"strike":68750.0,"start_ts":1712577655,"expir_ts":1712610000},{"init_value":1.0,"deriv_term_value":0.0,"terminal_value":0.915,"strike":74250.0,"start_ts":1712585156,"expir_ts":1712610000},{"init_value":1.0,"deriv_term_value":0.0,"terminal_value":0.38,"strike":71750.0,"start_ts":1712580434,"expir_ts":1712610000},{"init_value":1.0,"deriv_term_value":1.0,"terminal_value":1.225,"strike":70750.0,"start_ts":1712579613,"expir_ts":1712610000},{"init_value":1.0,"deriv_term_value":1.0,"terminal_value":1.105,"strike":69750.0,"start_ts":1712580433,"expir_ts":1712610000},{"init_value":1.0,"deriv_term_value":0.0,"terminal_value":0.5700000000000001,"strike":72750.0,"start_ts":1712578698,"expir_ts":1712610000},{"init_value":1.0,"deriv_term_value":0.0,"terminal_value":0.865,"strike":73750.0,"start_ts":1712585156,"expir_ts":1712610000},{"init_value":1.0,"deriv_term_value":0.0,"terminal_value":0.795,"strike":73250.0,"start_ts":1712585156,"expir_ts":1712610000},{"init_value":1.0,"deriv_term_value":0.0,"terminal_value":0.475,"strike":72250.0,"start_ts":1712580434,"expir_ts":1712610000},{"init_value":1.0,"deriv_term_value":1.0,"terminal_value":1.065,"strike":69250.0,"start_ts":1712580433,"expir_ts":1712610000},{"init_value":1.0,"deriv_term_value":1.0,"terminal_value":1.1600000000000001,"strike":70250.0,"start_ts":1712577655,"expir_ts":1712610000},{"init_value":1.0,"deriv_term_value":1.0,"terminal_value":1.295,"strike":71250.0,"start_ts":1712580434,"expir_ts":1712610000},{"init_value":1.0,"deriv_term_value":1.0,"terminal_value":1.27,"strike":57750.0,"start_ts":1714651209,"expir_ts":1714683600},{"init_value":1.0,"deriv_term_value":0.0,"terminal_value":0.965,"strike":60750.0,"start_ts":1714651209,"expir_ts":1714683600},{"init_value":1.0,"deriv_term_value":1.0,"terminal_value":1.075,"strike":56750.0,"start_ts":1714651208,"expir_ts":1714683600},{"init_value":1.0,"deriv_term_value":1.0,"terminal_value":1.415,"strike":58250.0,"start_ts":1714651209,"expir_ts":1714683600},{"init_value":1.0,"deriv_term_value":0.0,"terminal_value":0.73,"strike":59250.0,"start_ts":1714651209,"expir_ts":1714683600},{"init_value":1.0,"deriv_term_value":0.0,"terminal_value":0.845,"strike":59750.0,"start_ts":1714651209,"expir_ts":1714683600},{"init_value":1.0,"deriv_term_value":0.0,"terminal_value":0.5800000000000001,"strike":58750.0,"start_ts":1714651209,"expir_ts":1714683600},{"init_value":1.0,"deriv_term_value":0.0,"terminal_value":0.92,"strike":60250.0,"start_ts":1714651209,"expir_ts":1714683600},{"init_value":1.0,"deriv_term_value":1.0,"terminal_value":1.075,"strike":68750.0,"start_ts":1712666572,"expir_ts":1712696400},{"init_value":1.0,"deriv_term_value":0.0,"terminal_value":0.75,"strike":71750.0,"start_ts":1712666573,"expir_ts":1712696399},{"init_value":1.0,"deriv_term_value":0.0,"terminal_value":0.0050000000000000044,"strike":70750.0,"start_ts":1712664340,"expir_ts":1712696399},{"init_value":1.0,"deriv_term_value":0.0,"terminal_value":0.235,"strike":69750.0,"start_ts":1712666573,"expir_ts":1712696399},{"init_value":1.0,"deriv_term_value":1.0,"terminal_value":1.03,"strike":67250.0,"start_ts":1712673459,"expir_ts":1712696400},{"init_value":1.0,"deriv_term_value":1.0,"terminal_value":1.03,"strike":67750.0,"start_ts":1712671050,"expir_ts":1712696400},{"init_value":1.0,"deriv_term_value":0.0,"terminal_value":0.14500000000000002,"strike":69250.0,"start_ts":1712666573,"expir_ts":1712696399},{"init_value":1.0,"deriv_term_value":0.0,"terminal_value":0.355,"strike":70250.0,"start_ts":1712666573,"expir_ts":1712696399},{"init_value":1.0,"deriv_term_value":0.0,"terminal_value":0.625,"strike":71250.0,"start_ts":1712664306,"expir_ts":1712696399},{"init_value":1.0,"deriv_term_value":1.0,"terminal_value":1.04,"strike":68250.0,"start_ts":1712666572,"expir_ts":1712696400},{"init_value":1.0,"deriv_term_value":1.0,"terminal_value":1.255,"strike":67000.0,"start_ts":1716984005,"expir_ts":1717016400},{"init_value":1.0,"deriv_term_value":0.0,"terminal_value":0.775,"strike":68500.0,"start_ts":1716984003,"expir_ts":1717016400},{"init_value":1.0,"deriv_term_value":0.0,"terminal_value":0.615,"strike":68000.0,"start_ts":1716984005,"expir_ts":1717016400},{"init_value":1.0,"deriv_term_value":1.0,"terminal_value":1.13,"strike":66500.0,"start_ts":1716984005,"expir_ts":1717016400},{"init_value":1.0,"deriv_term_value":0.0,"terminal_value":0.42500000000000004,"strike":67500.0,"start_ts":1716984005,"expir_ts":1717016400},{"init_value":1.0,"deriv_term_value":1.0,"terminal_value":1.12,"strike":64250.0,"start_ts":1713787272,"expir_ts":1713819600},{"init_value":1.0,"deriv_term_value":1.0,"terminal_value":1.3199999999999998,"strike":65250.0,"start_ts":1713787273,"expir_ts":1713819600},{"init_value":1.0,"deriv_term_value":0.0,"terminal_value":0.83,"strike":67250.0,"start_ts":1713787273,"expir_ts":1713819600},{"init_value":1.0,"deriv_term_value":1.0,"terminal_value":1.59,"strike":66250.0,"start_ts":1713787273,"expir_ts":1713819600},{"init_value":1.0,"deriv_term_value":1.0,"terminal_value":1.06,"strike":63750.0,"start_ts":1713787272,"expir_ts":1713819600},{"init_value":1.0,"deriv_term_value":0.0,"terminal_value":0.72,"strike":66750.0,"start_ts":1713787273,"expir_ts":1713819600},{"init_value":1.0,"deriv_term_value":0.0,"terminal_value":0.9,"strike":67750.0,"start_ts":1713787273,"expir_ts":1713819600},{"init_value":1.0,"deriv_term_value":1.0,"terminal_value":1.455,"strike":65750.0,"start_ts":1713787273,"expir_ts":1713819600},{"init_value":1.0,"deriv_term_value":1.0,"terminal_value":1.205,"strike":64750.0,"start_ts":1713787272,"expir_ts":1713819600},{"init_value":1.0,"deriv_term_value":0.0,"terminal_value":0.95,"strike":68250.0,"start_ts":1713787273,"expir_ts":1713819600},{"init_value":1.0,"deriv_term_value":0.0,"terminal_value":0.635,"strike":67000.0,"start_ts":1715860800,"expir_ts":1715893200},{"init_value":1.0,"deriv_term_value":0.0,"terminal_value":0.33499999999999996,"strike":66000.0,"start_ts":1715860800,"expir_ts":1715893200},{"init_value":1.0,"deriv_term_value":1.0,"terminal_value":1.0550000000000002,"strike":64000.0,"start_ts":1715860800,"expir_ts":1715893200},{"init_value":1.0,"deriv_term_value":1.0,"terminal_value":1.13,"strike":65000.0,"start_ts":1715860800,"expir_ts":1715893200},{"init_value":1.0,"deriv_term_value":0.0,"terminal_value":0.21499999999999997,"strike":65500.0,"start_ts":1715860800,"expir_ts":1715893200},{"init_value":1.0,"deriv_term_value":0.0,"terminal_value":0.87,"strike":68000.0,"start_ts":1715860800,"expir_ts":1715893200},{"init_value":1.0,"deriv_term_value":1.0,"terminal_value":1.08,"strike":64500.0,"start_ts":1715860800,"expir_ts":1715893200},{"init_value":1.0,"deriv_term_value":0.0,"terminal_value":0.51,"strike":66500.0,"start_ts":1715860800,"expir_ts":1715893200},{"init_value":1.0,"deriv_term_value":1.0,"terminal_value":1.635,"strike":64250.0,"start_ts":1714046409,"expir_ts":1714078800},{"init_value":1.0,"deriv_term_value":1.0,"terminal_value":1.065,"strike":61750.0,"start_ts":1714046413,"expir_ts":1714078800},{"init_value":1.0,"deriv_term_value":0.0,"terminal_value":0.855,"strike":65250.0,"start_ts":1714046413,"expir_ts":1714078800},{"init_value":1.0,"deriv_term_value":1.0,"terminal_value":1.22,"strike":62750.0,"start_ts":1714046413,"expir_ts":1714078800},{"init_value":1.0,"deriv_term_value":1.0,"terminal_value":1.5150000000000001,"strike":63750.0,"start_ts":1714046413,"expir_ts":1714078800},{"init_value":1.0,"deriv_term_value":1.0,"terminal_value":1.345,"strike":63250.0,"start_ts":1714043353,"expir_ts":1714078800},{"init_value":1.0,"deriv_term_value":1.0,"terminal_value":1.125,"strike":62250.0,"start_ts":1714046413,"expir_ts":1714078800},{"init_value":1.0,"deriv_term_value":0.0,"terminal_value":0.925,"strike":65750.0,"start_ts":1714046413,"expir_ts":1714078800},{"init_value":1.0,"deriv_term_value":1.0,"terminal_value":1.755,"strike":64750.0,"start_ts":1714046413,"expir_ts":1714078800},{"init_value":1.0,"deriv_term_value":1.0,"terminal_value":1.92,"strike":68750.0,"start_ts":1716206404,"expir_ts":1716238800},{"init_value":1.0,"deriv_term_value":0.0,"terminal_value":0.97,"strike":69750.0,"start_ts":1716206403,"expir_ts":1716238800},{"init_value":1.0,"deriv_term_value":1.0,"terminal_value":1.585,"strike":67250.0,"start_ts":1716206404,"expir_ts":1716238800},{"init_value":1.0,"deriv_term_value":1.0,"terminal_value":1.245,"strike":66250.0,"start_ts":1716206404,"expir_ts":1716238800},{"init_value":1.0,"deriv_term_value":1.0,"terminal_value":1.3900000000000001,"strike":66750.0,"start_ts":1716206403,"expir_ts":1716238800},{"init_value":1.0,"deriv_term_value":1.0,"terminal_value":1.745,"strike":67750.0,"start_ts":1716206404,"expir_ts":1716238800},{"init_value":1.0,"deriv_term_value":1.0,"terminal_value":1.955,"strike":69250.0,"start_ts":1716206401,"expir_ts":1716238800},{"init_value":1.0,"deriv_term_value":1.0,"terminal_value":1.135,"strike":65750.0,"start_ts":1716206404,"expir_ts":1716238800},{"init_value":1.0,"deriv_term_value":0.0,"terminal_value":0.97,"strike":70250.0,"start_ts":1716225409,"expir_ts":1716238800},{"init_value":1.0,"deriv_term_value":1.0,"terminal_value":1.855,"strike":68250.0,"start_ts":1716206400,"expir_ts":1716238800},{"init_value":1.0,"deriv_term_value":1.0,"terminal_value":1.08,"strike":68750.0,"start_ts":1716292803,"expir_ts":1716325200},{"init_value":1.0,"deriv_term_value":0.0,"terminal_value":0.675,"strike":71750.0,"start_ts":1716292803,"expir_ts":1716325200},{"init_value":1.0,"deriv_term_value":0.0,"terminal_value":0.405,"strike":70750.0,"start_ts":1716292801,"expir_ts":1716325200},{"init_value":1.0,"deriv_term_value":0.0,"terminal_value":0.17500000000000004,"strike":69750.0,"start_ts":1716292801,"expir_ts":1716325200},{"init_value":1.0,"deriv_term_value":0.0,"terminal_value":0.775,"strike":72250.0,"start_ts":1716292803,"expir_ts":1716325200},{"init_value":1.0,"deriv_term_value":1.0,"terminal_value":1.1099999999999999,"strike":69250.0,"start_ts":1716292803,"expir_ts":1716325200},{"init_value":1.0,"deriv_term_value":0.0,"terminal_value":0.275,"strike":70250.0,"start_ts":1716292800,"expir_ts":1716325200},{"init_value":1.0,"deriv_term_value":0.0,"terminal_value":0.5449999999999999,"strike":71250.0,"start_ts":1716292802,"expir_ts":1716325200},{"init_value":1.0,"deriv_term_value":0.0,"terminal_value":0.725,"strike":67000.0,"start_ts":1713182409,"expir_ts":1713214800},{"init_value":1.0,"deriv_term_value":0.0,"terminal_value":0.30500000000000005,"strike":63500.0,"start_ts":1713204224,"expir_ts":1713214800},{"init_value":1.0,"deriv_term_value":0.0,"terminal_value":0.515,"strike":66000.0,"start_ts":1713182409,"expir_ts":1713214800},{"init_value":1.0,"deriv_term_value":0.0,"terminal_value":0.52,"strike":64000.0,"start_ts":1713204224,"expir_ts":1713214800},{"init_value":1.0,"deriv_term_value":0.0,"terminal_value":0.925,"strike":68500.0,"start_ts":1713182409,"expir_ts":1713214800},{"init_value":1.0,"deriv_term_value":0.0,"terminal_value":0.30000000000000004,"strike":65000.0,"start_ts":1713182409,"expir_ts":1713214800},{"init_value":1.0,"deriv_term_value":0.0,"terminal_value":0.41000000000000003,"strike":65500.0,"start_ts":1713182409,"expir_ts":1713214800},{"init_value":1.0,"deriv_term_value":0.0,"terminal_value":0.875,"strike":68000.0,"start_ts":1713182409,"expir_ts":1713214800},{"init_value":1.0,"deriv_term_value":0.0,"terminal_value":0.20999999999999996,"strike":64500.0,"start_ts":1713182409,"expir_ts":1713214800},{"init_value":1.0,"deriv_term_value":1.0,"terminal_value":1.15,"strike":63000.0,"start_ts":1713204224,"expir_ts":1713214800},{"init_value":1.0,"deriv_term_value":0.0,"terminal_value":0.625,"strike":66500.0,"start_ts":1713182409,"expir_ts":1713214800},{"init_value":1.0,"deriv_term_value":0.0,"terminal_value":0.81,"strike":67500.0,"start_ts":1713182409,"expir_ts":1713214800},{"init_value":1.0,"deriv_term_value":0.0,"terminal_value":0.03500000000000003,"strike":68750.0,"start_ts":1712923203,"expir_ts":1712955600},{"init_value":1.0,"deriv_term_value":0.0,"terminal_value":0.76,"strike":71750.0,"start_ts":1712923204,"expir_ts":1712955600},{"init_value":1.0,"deriv_term_value":1.0,"terminal_value":1.01,"strike":65250.0,"start_ts":1712927939,"expir_ts":1712955600},{"init_value":1.0,"deriv_term_value":0.0,"terminal_value":0.44499999999999995,"strike":70750.0,"start_ts":1712923204,"expir_ts":1712955600},{"init_value":1.0,"deriv_term_value":0.0,"terminal_value":0.16500000000000004,"strike":69750.0,"start_ts":1712923204,"expir_ts":1712955600},{"init_value":1.0,"deriv_term_value":0.0,"terminal_value":0.040000000000000036,"strike":67250.0,"start_ts":1712933547,"expir_ts":1712955600},{"init_value":1.0,"deriv_term_value":1.0,"terminal_value":1.045,"strike":66250.0,"start_ts":1712939009,"expir_ts":1712955600},{"init_value":1.0,"deriv_term_value":1.0,"terminal_value":1.04,"strike":66750.0,"start_ts":1712939009,"expir_ts":1712955600},{"init_value":1.0,"deriv_term_value":0.0,"terminal_value":0.030000000000000027,"strike":67750.0,"start_ts":1712929284,"expir_ts":1712955600},{"init_value":1.0,"deriv_term_value":0.0,"terminal_value":0.08499999999999996,"strike":69250.0,"start_ts":1712923203,"expir_ts":1712955600},{"init_value":1.0,"deriv_term_value":1.0,"terminal_value":1.1949999999999998,"strike":65750.0,"start_ts":1712939009,"expir_ts":1712955600},{"init_value":1.0,"deriv_term_value":0.0,"terminal_value":0.28500000000000003,"strike":70250.0,"start_ts":1712923204,"expir_ts":1712955600},{"init_value":1.0,"deriv_term_value":0.0,"terminal_value":0.605,"strike":71250.0,"start_ts":1712923204,"expir_ts":1712955600},{"init_value":1.0,"deriv_term_value":0.0,"terminal_value":0.030000000000000027,"strike":68250.0,"start_ts":1712925620,"expir_ts":1712955600},{"init_value":1.0,"deriv_term_value":0.0,"terminal_value":0.655,"strike":67000.0,"start_ts":1713960011,"expir_ts":1713992400},{"init_value":1.0,"deriv_term_value":1.0,"terminal_value":1.03,"strike":63500.0,"start_ts":1713968810,"expir_ts":1713992400},{"init_value":1.0,"deriv_term_value":0.0,"terminal_value":0.30500000000000005,"strike":66000.0,"start_ts":1713960011,"expir_ts":1713992400},{"init_value":1.0,"deriv_term_value":1.0,"terminal_value":1.025,"strike":64000.0,"start_ts":1713963790,"expir_ts":1713992400},{"init_value":1.0,"deriv_term_value":0.0,"terminal_value":0.07999999999999996,"strike":65000.0,"start_ts":1713960011,"expir_ts":1713992400},{"init_value":1.0,"deriv_term_value":0.0,"terminal_value":0.17000000000000004,"strike":65500.0,"start_ts":1713960011,"expir_ts":1713992400},{"init_value":1.0,"deriv_term_value":0.0,"terminal_value":0.9,"strike":68000.0,"start_ts":1713960011,"expir_ts":1713992400},{"init_value":1.0,"deriv_term_value":0.0,"terminal_value":0.030000000000000027,"strike":64500.0,"start_ts":1713960011,"expir_ts":1713992400},{"init_value":1.0,"deriv_term_value":1.0,"terminal_value":1.03,"strike":63000.0,"start_ts":1713969136,"expir_ts":1713992400},{"init_value":1.0,"deriv_term_value":0.0,"terminal_value":0.475,"strike":66500.0,"start_ts":1713960011,"expir_ts":1713992400},{"init_value":1.0,"deriv_term_value":0.0,"terminal_value":0.8,"strike":67500.0,"start_ts":1713960011,"expir_ts":1713992400},{"init_value":1.0,"deriv_term_value":0.0,"terminal_value":0.06000000000000005,"strike":61750.0,"start_ts":1715342400,"expir_ts":1715374800},{"init_value":1.0,"deriv_term_value":0.0,"terminal_value":0.025000000000000022,"strike":60750.0,"start_ts":1715342400,"expir_ts":1715374800},{"init_value":1.0,"deriv_term_value":0.0,"terminal_value":0.245,"strike":62750.0,"start_ts":1715342400,"expir_ts":1715374800},{"init_value":1.0,"deriv_term_value":0.0,"terminal_value":0.6950000000000001,"strike":63750.0,"start_ts":1715342400,"expir_ts":1715374800},{"init_value":1.0,"deriv_term_value":0.0,"terminal_value":0.45499999999999996,"strike":63250.0,"start_ts":1715342400,"expir_ts":1715374800},{"init_value":1.0,"deriv_term_value":1.0,"terminal_value":1.02,"strike":59750.0,"start_ts":1715342400,"expir_ts":1715374800},{"init_value":1.0,"deriv_term_value":0.0,"terminal_value":0.12,"strike":62250.0,"start_ts":1715342400,"expir_ts":1715374800},{"init_value":1.0,"deriv_term_value":1.0,"terminal_value":1.02,"strike":60250.0,"start_ts":1715342400,"expir_ts":1715374800},{"init_value":1.0,"deriv_term_value":0.0,"terminal_value":0.03500000000000003,"strike":61250.0,"start_ts":1715342400,"expir_ts":1715374800},{"init_value":1.0,"deriv_term_value":1.0,"terminal_value":1.1600000000000001,"strike":67000.0,"start_ts":1716897606,"expir_ts":1716930000},{"init_value":1.0,"deriv_term_value":0.0,"terminal_value":0.5549999999999999,"strike":68500.0,"start_ts":1716897606,"expir_ts":1716930000},{"init_value":1.0,"deriv_term_value":0.0,"terminal_value":0.81,"strike":69500.0,"start_ts":1716897606,"expir_ts":1716930000},{"init_value":1.0,"deriv_term_value":0.0,"terminal_value":0.7,"strike":69000.0,"start_ts":1716897605,"expir_ts":1716930000},{"init_value":1.0,"deriv_term_value":1.0,"terminal_value":1.405,"strike":68000.0,"start_ts":1716897602,"expir_ts":1716930000},{"init_value":1.0,"deriv_term_value":1.0,"terminal_value":1.0899999999999999,"strike":66500.0,"start_ts":1716897606,"expir_ts":1716930000},{"init_value":1.0,"deriv_term_value":1.0,"terminal_value":1.2650000000000001,"strike":67500.0,"start_ts":1716897602,"expir_ts":1716930000},{"init_value":1.0,"deriv_term_value":1.0,"terminal_value":1.22,"strike":65250.0,"start_ts":1715947220,"expir_ts":1715979599},{"init_value":1.0,"deriv_term_value":0.0,"terminal_value":0.785,"strike":67250.0,"start_ts":1715947220,"expir_ts":1715979599},{"init_value":1.0,"deriv_term_value":1.0,"terminal_value":1.5,"strike":66250.0,"start_ts":1715947220,"expir_ts":1715979599},{"init_value":1.0,"deriv_term_value":1.0,"terminal_value":1.655,"strike":66750.0,"start_ts":1715947220,"expir_ts":1715979599},{"init_value":1.0,"deriv_term_value":0.0,"terminal_value":0.88,"strike":67750.0,"start_ts":1715947220,"expir_ts":1715979599},{"init_value":1.0,"deriv_term_value":1.0,"terminal_value":1.35,"strike":65750.0,"start_ts":1715947220,"expir_ts":1715979599},{"init_value":1.0,"deriv_term_value":1.0,"terminal_value":1.12,"strike":64750.0,"start_ts":1715947220,"expir_ts":1715979599},{"init_value":1.0,"deriv_term_value":0.0,"terminal_value":0.94,"strike":68250.0,"start_ts":1715947220,"expir_ts":1715979599},{"init_value":1.0,"deriv_term_value":0.0,"terminal_value":0.78,"strike":67000.0,"start_ts":1713873607,"expir_ts":1713906000},{"init_value":1.0,"deriv_term_value":1.0,"terminal_value":1.46,"strike":66000.0,"start_ts":1713873635,"expir_ts":1713905999},{"init_value":1.0,"deriv_term_value":0.0,"terminal_value":0.97,"strike":68500.0,"start_ts":1713873899,"expir_ts":1713906000},{"init_value":1.0,"deriv_term_value":1.0,"terminal_value":1.1949999999999998,"strike":65000.0,"start_ts":1713873635,"expir_ts":1713905999},{"init_value":1.0,"deriv_term_value":1.0,"terminal_value":1.3199999999999998,"strike":65500.0,"start_ts":1713873635,"expir_ts":1713905999},{"init_value":1.0,"deriv_term_value":0.0,"terminal_value":0.94,"strike":68000.0,"start_ts":1713873635,"expir_ts":1713905999},{"init_value":1.0,"deriv_term_value":0.0,"terminal_value":0.63,"strike":66500.0,"start_ts":1713873635,"expir_ts":1713905999},{"init_value":1.0,"deriv_term_value":0.0,"terminal_value":0.87,"strike":67500.0,"start_ts":1713873635,"expir_ts":1713905999},{"init_value":1.0,"deriv_term_value":0.0,"terminal_value":0.6950000000000001,"strike":71500.0,"start_ts":1717588805,"expir_ts":1717621200},{"init_value":1.0,"deriv_term_value":1.0,"terminal_value":1.105,"strike":69500.0,"start_ts":1717588803,"expir_ts":1717621200},{"init_value":1.0,"deriv_term_value":1.0,"terminal_value":1.355,"strike":70500.0,"start_ts":1717588805,"expir_ts":1717621200},{"init_value":1.0,"deriv_term_value":1.0,"terminal_value":1.525,"strike":71000.0,"start_ts":1717588803,"expir_ts":1717621200},{"init_value":1.0,"deriv_term_value":0.0,"terminal_value":0.8200000000000001,"strike":72000.0,"start_ts":1717588805,"expir_ts":1717621200},{"init_value":1.0,"deriv_term_value":1.0,"terminal_value":1.405,"strike":68750.0,"start_ts":1717416002,"expir_ts":1717448400},{"init_value":1.0,"deriv_term_value":0.0,"terminal_value":0.915,"strike":70750.0,"start_ts":1717416006,"expir_ts":1717448400},{"init_value":1.0,"deriv_term_value":0.0,"terminal_value":0.75,"strike":69750.0,"start_ts":1717416000,"expir_ts":1717448400},{"init_value":1.0,"deriv_term_value":1.0,"terminal_value":1.125,"strike":67750.0,"start_ts":1717416002,"expir_ts":1717448400},{"init_value":1.0,"deriv_term_value":0.0,"terminal_value":0.585,"strike":69250.0,"start_ts":1717416003,"expir_ts":1717448400},{"init_value":1.0,"deriv_term_value":0.0,"terminal_value":0.855,"strike":70250.0,"start_ts":1717416002,"expir_ts":1717448400},{"init_value":1.0,"deriv_term_value":1.0,"terminal_value":1.245,"strike":68250.0,"start_ts":1717416000,"expir_ts":1717448400},{"init_value":1.0,"deriv_term_value":0.0,"terminal_value":0.98,"strike":71500.0,"start_ts":1717502402,"expir_ts":1717534800},{"init_value":1.0,"deriv_term_value":1.0,"terminal_value":1.315,"strike":68500.0,"start_ts":1717502401,"expir_ts":1717534800},{"init_value":1.0,"deriv_term_value":1.0,"terminal_value":1.74,"strike":69500.0,"start_ts":1717502405,"expir_ts":1717534800},{"init_value":1.0,"deriv_term_value":0.0,"terminal_value":0.935,"strike":70500.0,"start_ts":1717502405,"expir_ts":1717534800},{"init_value":1.0,"deriv_term_value":1.0,"terminal_value":1.875,"strike":70000.0,"start_ts":1717502405,"expir_ts":1717534800},{"init_value":1.0,"deriv_term_value":1.0,"terminal_value":1.545,"strike":69000.0,"start_ts":1717502401,"expir_ts":1717534800},{"init_value":1.0,"deriv_term_value":1.0,"terminal_value":1.15,"strike":68000.0,"start_ts":1717502405,"expir_ts":1717534800},{"init_value":1.0,"deriv_term_value":0.0,"terminal_value":0.97,"strike":71000.0,"start_ts":1717502405,"expir_ts":1717534800},{"init_value":1.0,"deriv_term_value":0.0,"terminal_value":0.98,"strike":72000.0,"start_ts":1717502400,"expir_ts":1717534800},{"init_value":1.0,"deriv_term_value":1.0,"terminal_value":1.345,"strike":62500.0,"start_ts":1710936130,"expir_ts":1710968400},{"init_value":1.0,"deriv_term_value":1.0,"terminal_value":1.9649999999999999,"strike":67000.0,"start_ts":1710936130,"expir_ts":1710968400},{"init_value":1.0,"deriv_term_value":1.0,"terminal_value":1.545,"strike":63500.0,"start_ts":1710936130,"expir_ts":1710968400},{"init_value":1.0,"deriv_term_value":1.0,"terminal_value":1.915,"strike":66000.0,"start_ts":1710936130,"expir_ts":1710968400},{"init_value":1.0,"deriv_term_value":1.0,"terminal_value":1.175,"strike":61500.0,"start_ts":1710936129,"expir_ts":1710968400},{"init_value":1.0,"deriv_term_value":1.0,"terminal_value":1.6400000000000001,"strike":64000.0,"start_ts":1710936130,"expir_ts":1710968400},{"init_value":1.0,"deriv_term_value":1.0,"terminal_value":1.805,"strike":65000.0,"start_ts":1710936130,"expir_ts":1710968400},{"init_value":1.0,"deriv_term_value":1.0,"terminal_value":1.865,"strike":65500.0,"start_ts":1710936130,"expir_ts":1710968400},{"init_value":1.0,"deriv_term_value":1.0,"terminal_value":1.125,"strike":61000.0,"start_ts":1710936129,"expir_ts":1710968400},{"init_value":1.0,"deriv_term_value":1.0,"terminal_value":1.73,"strike":64500.0,"start_ts":1710936130,"expir_ts":1710968400},{"init_value":1.0,"deriv_term_value":1.0,"terminal_value":1.4449999999999998,"strike":63000.0,"start_ts":1710936130,"expir_ts":1710968400},{"init_value":1.0,"deriv_term_value":1.0,"terminal_value":1.9449999999999998,"strike":66500.0,"start_ts":1710936130,"expir_ts":1710968400},{"init_value":1.0,"deriv_term_value":1.0,"terminal_value":1.26,"strike":62000.0,"start_ts":1710936130,"expir_ts":1710968400},{"init_value":1.0,"deriv_term_value":0.0,"terminal_value":0.64,"strike":68750.0,"start_ts":1710763393,"expir_ts":1710791999},{"init_value":1.0,"deriv_term_value":0.0,"terminal_value":0.22499999999999998,"strike":67000.0,"start_ts":1710763392,"expir_ts":1710792000},{"init_value":1.0,"deriv_term_value":0.0,"terminal_value":0.84,"strike":69750.0,"start_ts":1710763393,"expir_ts":1710791999},{"init_value":1.0,"deriv_term_value":0.0,"terminal_value":0.28,"strike":67250.0,"start_ts":1710763392,"expir_ts":1710792000},{"init_value":1.0,"deriv_term_value":0.0,"terminal_value":0.5800000000000001,"strike":68500.0,"start_ts":1710763393,"expir_ts":1710791999},{"init_value":1.0,"deriv_term_value":0.0,"terminal_value":0.8,"strike":69500.0,"start_ts":1710763393,"expir_ts":1710791999},{"init_value":1.0,"deriv_term_value":1.0,"terminal_value":1.1600000000000001,"strike":66750.0,"start_ts":1710763392,"expir_ts":1710792000},{"init_value":1.0,"deriv_term_value":0.0,"terminal_value":0.875,"strike":70000.0,"start_ts":1710763393,"expir_ts":1710791999},{"init_value":1.0,"deriv_term_value":0.0,"terminal_value":0.7,"strike":69000.0,"start_ts":1710763393,"expir_ts":1710791999},{"init_value":1.0,"deriv_term_value":0.0,"terminal_value":0.45499999999999996,"strike":68000.0,"start_ts":1710763392,"expir_ts":1710792000},{"init_value":1.0,"deriv_term_value":0.0,"terminal_value":0.395,"strike":67750.0,"start_ts":1710763392,"expir_ts":1710792000},{"init_value":1.0,"deriv_term_value":0.0,"terminal_value":0.75,"strike":69250.0,"start_ts":1710763393,"expir_ts":1710791999},{"init_value":1.0,"deriv_term_value":0.0,"terminal_value":0.32499999999999996,"strike":67500.0,"start_ts":1710763392,"expir_ts":1710792000},{"init_value":1.0,"deriv_term_value":0.0,"terminal_value":0.52,"strike":68250.0,"start_ts":1710763392,"expir_ts":1710792000},{"init_value":1.0,"deriv_term_value":0.0,"terminal_value":0.875,"strike":72500.0,"start_ts":1711540808,"expir_ts":1711573200},{"init_value":1.0,"deriv_term_value":1.0,"terminal_value":1.045,"strike":67000.0,"start_ts":1711540807,"expir_ts":1711573200},{"init_value":1.0,"deriv_term_value":0.0,"terminal_value":0.74,"strike":71500.0,"start_ts":1711540808,"expir_ts":1711573200},{"init_value":1.0,"deriv_term_value":1.0,"terminal_value":1.185,"strike":68500.0,"start_ts":1711540807,"expir_ts":1711573200},{"init_value":1.0,"deriv_term_value":0.0,"terminal_value":0.345,"strike":69500.0,"start_ts":1711540807,"expir_ts":1711573200},{"init_value":1.0,"deriv_term_value":0.0,"terminal_value":0.5549999999999999,"strike":70500.0,"start_ts":1711540808,"expir_ts":1711573200},{"init_value":1.0,"deriv_term_value":0.0,"terminal_value":0.44999999999999996,"strike":70000.0,"start_ts":1711540808,"expir_ts":1711573200},{"init_value":1.0,"deriv_term_value":0.0,"terminal_value":0.265,"strike":69000.0,"start_ts":1711540807,"expir_ts":1711573200},{"init_value":1.0,"deriv_term_value":1.0,"terminal_value":1.125,"strike":68000.0,"start_ts":1711540807,"expir_ts":1711573200},{"init_value":1.0,"deriv_term_value":0.0,"terminal_value":0.65,"strike":71000.0,"start_ts":1711540808,"expir_ts":1711573200},{"init_value":1.0,"deriv_term_value":0.0,"terminal_value":0.92,"strike":73000.0,"start_ts":1711540808,"expir_ts":1711573200},{"init_value":1.0,"deriv_term_value":1.0,"terminal_value":1.0350000000000001,"strike":66500.0,"start_ts":1711547792,"expir_ts":1711573200},{"init_value":1.0,"deriv_term_value":0.0,"terminal_value":0.815,"strike":72000.0,"start_ts":1711540808,"expir_ts":1711573200},{"init_value":1.0,"deriv_term_value":1.0,"terminal_value":1.085,"strike":67500.0,"start_ts":1711540807,"expir_ts":1711573200},{"init_value":1.0,"deriv_term_value":1.0,"terminal_value":1.615,"strike":64250.0,"start_ts":1710852974,"expir_ts":1710878400},{"init_value":1.0,"deriv_term_value":1.0,"terminal_value":1.47,"strike":63500.0,"start_ts":1710852974,"expir_ts":1710878400},{"init_value":1.0,"deriv_term_value":0.0,"terminal_value":0.89,"strike":66000.0,"start_ts":1710849601,"expir_ts":1710878400},{"init_value":1.0,"deriv_term_value":1.0,"terminal_value":1.585,"strike":64000.0,"start_ts":1710852974,"expir_ts":1710878400},{"init_value":1.0,"deriv_term_value":1.0,"terminal_value":1.54,"strike":63750.0,"start_ts":1710852974,"expir_ts":1710878400},{"init_value":1.0,"deriv_term_value":1.0,"terminal_value":1.44,"strike":63250.0,"start_ts":1710852974,"expir_ts":1710878400},{"init_value":1.0,"deriv_term_value":0.0,"terminal_value":0.69,"strike":64500.0,"start_ts":1710852975,"expir_ts":1710878400},{"init_value":1.0,"deriv_term_value":1.0,"terminal_value":1.3900000000000001,"strike":63000.0,"start_ts":1710852974,"expir_ts":1710878400},{"init_value":1.0,"deriv_term_value":0.0,"terminal_value":0.73,"strike":64750.0,"start_ts":1710852975,"expir_ts":1710878400},{"init_value":1.0,"deriv_term_value":1.0,"terminal_value":1.185,"strike":68750.0,"start_ts":1711454514,"expir_ts":1711486800},{"init_value":1.0,"deriv_term_value":0.0,"terminal_value":0.7050000000000001,"strike":71750.0,"start_ts":1711454514,"expir_ts":1711486800},{"init_value":1.0,"deriv_term_value":0.0,"terminal_value":0.52,"strike":70750.0,"start_ts":1711454514,"expir_ts":1711486800},{"init_value":1.0,"deriv_term_value":1.0,"terminal_value":1.335,"strike":69750.0,"start_ts":1711454514,"expir_ts":1711486800},{"init_value":1.0,"deriv_term_value":1.0,"terminal_value":1.0550000000000002,"strike":67250.0,"start_ts":1711454514,"expir_ts":1711486800},{"init_value":1.0,"deriv_term_value":1.0,"terminal_value":1.085,"strike":67750.0,"start_ts":1711454514,"expir_ts":1711486800},{"init_value":1.0,"deriv_term_value":1.0,"terminal_value":1.255,"strike":69250.0,"start_ts":1711454514,"expir_ts":1711486800},{"init_value":1.0,"deriv_term_value":0.0,"terminal_value":0.43000000000000005,"strike":70250.0,"start_ts":1711454514,"expir_ts":1711486800},{"init_value":1.0,"deriv_term_value":0.0,"terminal_value":0.615,"strike":71250.0,"start_ts":1711454514,"expir_ts":1711486800},{"init_value":1.0,"deriv_term_value":1.0,"terminal_value":1.125,"strike":68250.0,"start_ts":1711454514,"expir_ts":1711486800},{"init_value":1.0,"deriv_term_value":0.0,"terminal_value":0.45999999999999996,"strike":67000.0,"start_ts":1711022731,"expir_ts":1711054800},{"init_value":1.0,"deriv_term_value":0.0,"terminal_value":0.27,"strike":66000.0,"start_ts":1711022731,"expir_ts":1711054800},{"init_value":1.0,"deriv_term_value":1.0,"terminal_value":1.0550000000000002,"strike":64000.0,"start_ts":1711022730,"expir_ts":1711054800},{"init_value":1.0,"deriv_term_value":0.0,"terminal_value":0.745,"strike":68500.0,"start_ts":1711022731,"expir_ts":1711054800},{"init_value":1.0,"deriv_term_value":1.0,"terminal_value":1.135,"strike":65000.0,"start_ts":1711022731,"expir_ts":1711054800},{"init_value":1.0,"deriv_term_value":0.0,"terminal_value":0.19499999999999995,"strike":65500.0,"start_ts":1711022731,"expir_ts":1711054800},{"init_value":1.0,"deriv_term_value":0.0,"terminal_value":0.655,"strike":68000.0,"start_ts":1711022731,"expir_ts":1711054800},{"init_value":1.0,"deriv_term_value":1.0,"terminal_value":1.085,"strike":64500.0,"start_ts":1711022731,"expir_ts":1711054800},{"init_value":1.0,"deriv_term_value":0.0,"terminal_value":0.36,"strike":66500.0,"start_ts":1711022731,"expir_ts":1711054800},{"init_value":1.0,"deriv_term_value":0.0,"terminal_value":0.56,"strike":67500.0,"start_ts":1711022731,"expir_ts":1711054800},{"init_value":1.0,"deriv_term_value":1.0,"terminal_value":1.1600000000000001,"strike":68750.0,"start_ts":1711627210,"expir_ts":1711659600},{"init_value":1.0,"deriv_term_value":0.0,"terminal_value":0.71,"strike":71750.0,"start_ts":1711627210,"expir_ts":1711659600},{"init_value":1.0,"deriv_term_value":0.0,"terminal_value":0.51,"strike":70750.0,"start_ts":1711627210,"expir_ts":1711659600},{"init_value":1.0,"deriv_term_value":1.0,"terminal_value":1.3050000000000002,"strike":69750.0,"start_ts":1711627210,"expir_ts":1711659600},{"init_value":1.0,"deriv_term_value":0.0,"terminal_value":0.85,"strike":72750.0,"start_ts":1711627210,"expir_ts":1711659600},{"init_value":1.0,"deriv_term_value":0.0,"terminal_value":0.94,"strike":73750.0,"start_ts":1711627211,"expir_ts":1711659600},{"init_value":1.0,"deriv_term_value":0.0,"terminal_value":0.91,"strike":73250.0,"start_ts":1711627211,"expir_ts":1711659600},{"init_value":1.0,"deriv_term_value":1.0,"terminal_value":1.06,"strike":67750.0,"start_ts":1711627210,"expir_ts":1711659600},{"init_value":1.0,"deriv_term_value":0.0,"terminal_value":0.79,"strike":72250.0,"start_ts":1711627210,"expir_ts":1711659600},{"init_value":1.0,"deriv_term_value":1.0,"terminal_value":1.23,"strike":69250.0,"start_ts":1711627210,"expir_ts":1711659600},{"init_value":1.0,"deriv_term_value":1.0,"terminal_value":1.415,"strike":70250.0,"start_ts":1711627210,"expir_ts":1711659600},{"init_value":1.0,"deriv_term_value":0.0,"terminal_value":0.615,"strike":71250.0,"start_ts":1711627210,"expir_ts":1711659600},{"init_value":1.0,"deriv_term_value":1.0,"terminal_value":1.1,"strike":68250.0,"start_ts":1711627210,"expir_ts":1711659600},{"init_value":1.0,"deriv_term_value":0.0,"terminal_value":0.7150000000000001,"strike":68750.0,"start_ts":1718193627,"expir_ts":1718226000},{"init_value":1.0,"deriv_term_value":0.0,"terminal_value":0.955,"strike":70750.0,"start_ts":1718193628,"expir_ts":1718226000},{"init_value":1.0,"deriv_term_value":0.0,"terminal_value":0.875,"strike":69750.0,"start_ts":1718193628,"expir_ts":1718226000},{"init_value":1.0,"deriv_term_value":1.0,"terminal_value":1.3900000000000001,"strike":67250.0,"start_ts":1718193627,"expir_ts":1718226000},{"init_value":1.0,"deriv_term_value":1.0,"terminal_value":1.495,"strike":67750.0,"start_ts":1718193627,"expir_ts":1718226000},{"init_value":1.0,"deriv_term_value":0.0,"terminal_value":0.8049999999999999,"strike":69250.0,"start_ts":1718193628,"expir_ts":1718226000},{"init_value":1.0,"deriv_term_value":0.0,"terminal_value":0.925,"strike":70250.0,"start_ts":1718193628,"expir_ts":1718226000},{"init_value":1.0,"deriv_term_value":0.0,"terminal_value":0.605,"strike":68250.0,"start_ts":1718193627,"expir_ts":1718226000},{"init_value":1.0,"deriv_term_value":1.0,"terminal_value":1.6099999999999999,"strike":67000.0,"start_ts":1712318565,"expir_ts":1712350800},{"init_value":1.0,"deriv_term_value":1.0,"terminal_value":1.38,"strike":66000.0,"start_ts":1712318565,"expir_ts":1712350800},{"init_value":1.0,"deriv_term_value":0.0,"terminal_value":0.88,"strike":68500.0,"start_ts":1712318566,"expir_ts":1712350800},{"init_value":1.0,"deriv_term_value":0.0,"terminal_value":0.96,"strike":69500.0,"start_ts":1712318566,"expir_ts":1712350800},{"init_value":1.0,"deriv_term_value":1.0,"terminal_value":1.1800000000000002,"strike":65000.0,"start_ts":1712318565,"expir_ts":1712350800},{"init_value":1.0,"deriv_term_value":0.0,"terminal_value":0.965,"strike":70000.0,"start_ts":1712321421,"expir_ts":1712350799},{"init_value":1.0,"deriv_term_value":1.0,"terminal_value":1.27,"strike":65500.0,"start_ts":1712318565,"expir_ts":1712350800},{"init_value":1.0,"deriv_term_value":0.0,"terminal_value":0.9299999999999999,"strike":69000.0,"start_ts":1712318566,"expir_ts":1712350800},{"init_value":1.0,"deriv_term_value":0.0,"terminal_value":0.81,"strike":68000.0,"start_ts":1712318566,"expir_ts":1712350800},{"init_value":1.0,"deriv_term_value":1.0,"terminal_value":1.115,"strike":64500.0,"start_ts":1712318565,"expir_ts":1712350800},{"init_value":1.0,"deriv_term_value":1.0,"terminal_value":1.495,"strike":66500.0,"start_ts":1712318565,"expir_ts":1712350800},{"init_value":1.0,"deriv_term_value":1.0,"terminal_value":1.72,"strike":67500.0,"start_ts":1712318565,"expir_ts":1712350800},{"init_value":1.0,"deriv_term_value":0.0,"terminal_value":0.675,"strike":68750.0,"start_ts":1717156801,"expir_ts":1717189200},{"init_value":1.0,"deriv_term_value":1.0,"terminal_value":1.155,"strike":67250.0,"start_ts":1717156803,"expir_ts":1717189200},{"init_value":1.0,"deriv_term_value":1.0,"terminal_value":1.045,"strike":66250.0,"start_ts":1717156803,"expir_ts":1717189200},{"init_value":1.0,"deriv_term_value":1.0,"terminal_value":1.0699999999999998,"strike":66750.0,"start_ts":1717156800,"expir_ts":1717189200},{"init_value":1.0,"deriv_term_value":0.0,"terminal_value":0.26,"strike":67750.0,"start_ts":1717156802,"expir_ts":1717189200},{"init_value":1.0,"deriv_term_value":0.0,"terminal_value":0.44499999999999995,"strike":68250.0,"start_ts":1717156804,"expir_ts":1717189200},{"init_value":1.0,"deriv_term_value":0.0,"terminal_value":0.945,"strike":68750.0,"start_ts":1712059436,"expir_ts":1712091600},{"init_value":1.0,"deriv_term_value":1.0,"terminal_value":1.255,"strike":64250.0,"start_ts":1712059435,"expir_ts":1712091600},{"init_value":1.0,"deriv_term_value":1.0,"terminal_value":1.435,"strike":65250.0,"start_ts":1712059435,"expir_ts":1712091600},{"init_value":1.0,"deriv_term_value":0.0,"terminal_value":0.795,"strike":67250.0,"start_ts":1712059435,"expir_ts":1712091600},{"init_value":1.0,"deriv_term_value":0.0,"terminal_value":0.63,"strike":66250.0,"start_ts":1712059435,"expir_ts":1712091600},{"init_value":1.0,"deriv_term_value":0.0,"terminal_value":0.72,"strike":66750.0,"start_ts":1712059435,"expir_ts":1712091600},{"init_value":1.0,"deriv_term_value":0.0,"terminal_value":0.86,"strike":67750.0,"start_ts":1712059435,"expir_ts":1712091600},{"init_value":1.0,"deriv_term_value":0.0,"terminal_value":0.54,"strike":65750.0,"start_ts":1712059419,"expir_ts":1712091600},{"init_value":1.0,"deriv_term_value":1.0,"terminal_value":1.3399999999999999,"strike":64750.0,"start_ts":1712059435,"expir_ts":1712091600},{"init_value":1.0,"deriv_term_value":0.0,"terminal_value":0.905,"strike":68250.0,"start_ts":1712051817,"expir_ts":1712091599},{"init_value":1.0,"deriv_term_value":1.0,"terminal_value":1.715,"strike":61750.0,"start_ts":1715256001,"expir_ts":1715288400},{"init_value":1.0,"deriv_term_value":1.0,"terminal_value":1.4100000000000001,"strike":60750.0,"start_ts":1715256000,"expir_ts":1715288400},{"init_value":1.0,"deriv_term_value":0.0,"terminal_value":0.915,"strike":62750.0,"start_ts":1715256001,"expir_ts":1715288400},{"init_value":1.0,"deriv_term_value":1.0,"terminal_value":1.0699999999999998,"strike":59250.0,"start_ts":1715256000,"expir_ts":1715288400},{"init_value":1.0,"deriv_term_value":0.0,"terminal_value":0.96,"strike":63250.0,"start_ts":1715256001,"expir_ts":1715288400},{"init_value":1.0,"deriv_term_value":1.0,"terminal_value":1.15,"strike":59750.0,"start_ts":1715256000,"expir_ts":1715288400},{"init_value":1.0,"deriv_term_value":1.0,"terminal_value":1.835,"strike":62250.0,"start_ts":1715256001,"expir_ts":1715288400},{"init_value":1.0,"deriv_term_value":1.0,"terminal_value":1.26,"strike":60250.0,"start_ts":1715256000,"expir_ts":1715288400},{"init_value":1.0,"deriv_term_value":1.0,"terminal_value":1.565,"strike":61250.0,"start_ts":1715256000,"expir_ts":1715288400},{"init_value":1.0,"deriv_term_value":1.0,"terminal_value":1.185,"strike":62500.0,"start_ts":1715083200,"expir_ts":1715115600},{"init_value":1.0,"deriv_term_value":0.0,"terminal_value":0.495,"strike":63500.0,"start_ts":1715083200,"expir_ts":1715115600},{"init_value":1.0,"deriv_term_value":0.0,"terminal_value":0.665,"strike":64000.0,"start_ts":1715083200,"expir_ts":1715115600},{"init_value":1.0,"deriv_term_value":0.0,"terminal_value":0.9,"strike":65000.0,"start_ts":1715083200,"expir_ts":1715115600},{"init_value":1.0,"deriv_term_value":0.0,"terminal_value":0.94,"strike":65500.0,"start_ts":1715083200,"expir_ts":1715115600},{"init_value":1.0,"deriv_term_value":0.0,"terminal_value":0.81,"strike":64500.0,"start_ts":1715083200,"expir_ts":1715115600},{"init_value":1.0,"deriv_term_value":0.0,"terminal_value":0.31499999999999995,"strike":63000.0,"start_ts":1715083200,"expir_ts":1715115600},{"init_value":1.0,"deriv_term_value":1.0,"terminal_value":1.1,"strike":62000.0,"start_ts":1715079543,"expir_ts":1715115599},{"init_value":1.0,"deriv_term_value":0.0,"terminal_value":0.495,"strike":64250.0,"start_ts":1714996801,"expir_ts":1715029200},{"init_value":1.0,"deriv_term_value":1.0,"terminal_value":1.06,"strike":61750.0,"start_ts":1714996801,"expir_ts":1715029200},{"init_value":1.0,"deriv_term_value":0.0,"terminal_value":0.785,"strike":65250.0,"start_ts":1714996801,"expir_ts":1715029200},{"init_value":1.0,"deriv_term_value":1.0,"terminal_value":1.1400000000000001,"strike":62750.0,"start_ts":1714996801,"expir_ts":1715029200},{"init_value":1.0,"deriv_term_value":0.0,"terminal_value":0.345,"strike":63750.0,"start_ts":1714996801,"expir_ts":1715029200},{"init_value":1.0,"deriv_term_value":1.0,"terminal_value":1.225,"strike":63250.0,"start_ts":1714996801,"expir_ts":1715029200},{"init_value":1.0,"deriv_term_value":1.0,"terminal_value":1.0899999999999999,"strike":62250.0,"start_ts":1714996801,"expir_ts":1715029200},{"init_value":1.0,"deriv_term_value":0.0,"terminal_value":0.95,"strike":65750.0,"start_ts":1714999912,"expir_ts":1715029200},{"init_value":1.0,"deriv_term_value":0.0,"terminal_value":0.645,"strike":64750.0,"start_ts":1714996801,"expir_ts":1715029200},{"init_value":1.0,"deriv_term_value":0.0,"terminal_value":0.515,"strike":58000.0,"start_ts":1714564800,"expir_ts":1714597200},{"init_value":1.0,"deriv_term_value":0.0,"terminal_value":0.765,"strike":59000.0,"start_ts":1714564800,"expir_ts":1714597200},{"init_value":1.0,"deriv_term_value":1.0,"terminal_value":1.1,"strike":55500.0,"start_ts":1714564800,"expir_ts":1714597200},{"init_value":1.0,"deriv_term_value":0.0,"terminal_value":0.395,"strike":57500.0,"start_ts":1714564800,"expir_ts":1714597200},{"init_value":1.0,"deriv_term_value":1.0,"terminal_value":1.2,"strike":56500.0,"start_ts":1714564800,"expir_ts":1714597200},{"init_value":1.0,"deriv_term_value":0.0,"terminal_value":0.91,"strike":60000.0,"start_ts":1714564800,"expir_ts":1714597200},{"init_value":1.0,"deriv_term_value":1.0,"terminal_value":1.1400000000000001,"strike":56000.0,"start_ts":1714564800,"expir_ts":1714597200},{"init_value":1.0,"deriv_term_value":1.0,"terminal_value":1.2850000000000001,"strike":57000.0,"start_ts":1714564800,"expir_ts":1714597200},{"init_value":1.0,"deriv_term_value":1.0,"terminal_value":1.0350000000000001,"strike":55000.0,"start_ts":1714568033,"expir_ts":1714597200},{"init_value":1.0,"deriv_term_value":0.0,"terminal_value":0.85,"strike":59500.0,"start_ts":1714564800,"expir_ts":1714597200},{"init_value":1.0,"deriv_term_value":0.0,"terminal_value":0.645,"strike":58500.0,"start_ts":1714564800,"expir_ts":1714597200},{"init_value":1.0,"deriv_term_value":0.0,"terminal_value":0.955,"strike":68750.0,"start_ts":1712145734,"expir_ts":1712178000},{"init_value":1.0,"deriv_term_value":1.0,"terminal_value":1.1099999999999999,"strike":64250.0,"start_ts":1712145733,"expir_ts":1712178000},{"init_value":1.0,"deriv_term_value":1.0,"terminal_value":1.28,"strike":65250.0,"start_ts":1712145734,"expir_ts":1712178000},{"init_value":1.0,"deriv_term_value":0.0,"terminal_value":0.77,"strike":67250.0,"start_ts":1712145734,"expir_ts":1712178000},{"init_value":1.0,"deriv_term_value":0.0,"terminal_value":0.53,"strike":66250.0,"start_ts":1712145734,"expir_ts":1712178000},{"init_value":1.0,"deriv_term_value":1.0,"terminal_value":1.06,"strike":63750.0,"start_ts":1712145733,"expir_ts":1712178000},{"init_value":1.0,"deriv_term_value":0.0,"terminal_value":0.655,"strike":66750.0,"start_ts":1712145734,"expir_ts":1712178000},{"init_value":1.0,"deriv_term_value":0.0,"terminal_value":0.855,"strike":67750.0,"start_ts":1712145734,"expir_ts":1712178000},{"init_value":1.0,"deriv_term_value":0.0,"terminal_value":0.405,"strike":65750.0,"start_ts":1712145734,"expir_ts":1712178000},{"init_value":1.0,"deriv_term_value":1.0,"terminal_value":1.185,"strike":64750.0,"start_ts":1712145733,"expir_ts":1712178000},{"init_value":1.0,"deriv_term_value":0.0,"terminal_value":0.915,"strike":68250.0,"start_ts":1712145734,"expir_ts":1712178000},{"init_value":1.0,"deriv_term_value":0.0,"terminal_value":0.595,"strike":62500.0,"start_ts":1715169600,"expir_ts":1715202000},{"init_value":1.0,"deriv_term_value":0.0,"terminal_value":0.885,"strike":63500.0,"start_ts":1715169600,"expir_ts":1715202000},{"init_value":1.0,"deriv_term_value":1.0,"terminal_value":1.23,"strike":61500.0,"start_ts":1715169600,"expir_ts":1715202000},{"init_value":1.0,"deriv_term_value":1.0,"terminal_value":1.12,"strike":61000.0,"start_ts":1715169600,"expir_ts":1715202000},{"init_value":1.0,"deriv_term_value":0.0,"terminal_value":0.77,"strike":63000.0,"start_ts":1715169600,"expir_ts":1715202000},{"init_value":1.0,"deriv_term_value":0.0,"terminal_value":0.4,"strike":62000.0,"start_ts":1715169600,"expir_ts":1715202000},{"init_value":1.0,"deriv_term_value":0.0,"terminal_value":0.8200000000000001,"strike":68750.0,"start_ts":1717070404,"expir_ts":1717102800},{"init_value":1.0,"deriv_term_value":0.0,"terminal_value":0.955,"strike":69750.0,"start_ts":1717070400,"expir_ts":1717102800},{"init_value":1.0,"deriv_term_value":1.0,"terminal_value":1.315,"strike":67250.0,"start_ts":1717070405,"expir_ts":1717102800},{"init_value":1.0,"deriv_term_value":1.0,"terminal_value":1.5150000000000001,"strike":67750.0,"start_ts":1717070404,"expir_ts":1717102800},{"init_value":1.0,"deriv_term_value":0.0,"terminal_value":0.91,"strike":69250.0,"start_ts":1717070405,"expir_ts":1717102800},{"init_value":1.0,"deriv_term_value":0.0,"terminal_value":0.97,"strike":70250.0,"start_ts":1717070405,"expir_ts":1717102800},{"init_value":1.0,"deriv_term_value":1.0,"terminal_value":1.675,"strike":68250.0,"start_ts":1717070405,"expir_ts":1717102800},{"init_value":1.0,"deriv_term_value":0.0,"terminal_value":0.955,"strike":68750.0,"start_ts":1712233079,"expir_ts":1712264400},{"init_value":1.0,"deriv_term_value":1.0,"terminal_value":1.185,"strike":65250.0,"start_ts":1712232001,"expir_ts":1712264400},{"init_value":1.0,"deriv_term_value":0.0,"terminal_value":0.97,"strike":69750.0,"start_ts":1712236700,"expir_ts":1712264400},{"init_value":1.0,"deriv_term_value":1.0,"terminal_value":1.705,"strike":67250.0,"start_ts":1712233078,"expir_ts":1712264399},{"init_value":1.0,"deriv_term_value":1.0,"terminal_value":1.425,"strike":66250.0,"start_ts":1712232472,"expir_ts":1712264400},{"init_value":1.0,"deriv_term_value":1.0,"terminal_value":1.57,"strike":66750.0,"start_ts":1712232878,"expir_ts":1712264399},{"init_value":1.0,"deriv_term_value":1.0,"terminal_value":1.815,"strike":67750.0,"start_ts":1712233078,"expir_ts":1712264399},{"init_value":1.0,"deriv_term_value":0.0,"terminal_value":0.965,"strike":69250.0,"start_ts":1712232543,"expir_ts":1712264400},{"init_value":1.0,"deriv_term_value":1.0,"terminal_value":1.295,"strike":65750.0,"start_ts":1712233078,"expir_ts":1712264399},{"init_value":1.0,"deriv_term_value":0.0,"terminal_value":0.965,"strike":70250.0,"start_ts":1712239822,"expir_ts":1712264400},{"init_value":1.0,"deriv_term_value":0.0,"terminal_value":0.89,"strike":68250.0,"start_ts":1712233078,"expir_ts":1712264399},{"init_value":1.0,"deriv_term_value":1.0,"terminal_value":1.105,"strike":62500.0,"start_ts":1713521227,"expir_ts":1713560399},{"init_value":1.0,"deriv_term_value":0.0,"terminal_value":0.865,"strike":67000.0,"start_ts":1713528013,"expir_ts":1713560400},{"init_value":1.0,"deriv_term_value":1.0,"terminal_value":1.23,"strike":63500.0,"start_ts":1713528012,"expir_ts":1713560399},{"init_value":1.0,"deriv_term_value":0.0,"terminal_value":0.7150000000000001,"strike":66000.0,"start_ts":1713528013,"expir_ts":1713560400},{"init_value":1.0,"deriv_term_value":1.0,"terminal_value":1.315,"strike":64000.0,"start_ts":1713528010,"expir_ts":1713560400},{"init_value":1.0,"deriv_term_value":0.0,"terminal_value":0.515,"strike":65000.0,"start_ts":1713528013,"expir_ts":1713560400},{"init_value":1.0,"deriv_term_value":0.0,"terminal_value":0.62,"strike":65500.0,"start_ts":1713528013,"expir_ts":1713560400},{"init_value":1.0,"deriv_term_value":0.0,"terminal_value":0.42000000000000004,"strike":64500.0,"start_ts":1713528013,"expir_ts":1713560400},{"init_value":1.0,"deriv_term_value":1.0,"terminal_value":1.155,"strike":63000.0,"start_ts":1713528012,"expir_ts":1713560399},{"init_value":1.0,"deriv_term_value":0.0,"terminal_value":0.8,"strike":66500.0,"start_ts":1713528013,"expir_ts":1713560400},{"init_value":1.0,"deriv_term_value":1.0,"terminal_value":1.065,"strike":62000.0,"start_ts":1713528012,"expir_ts":1713560399},{"init_value":1.0,"deriv_term_value":0.0,"terminal_value":0.915,"strike":67500.0,"start_ts":1713528013,"expir_ts":1713560400},{"init_value":1.0,"deriv_term_value":0.0,"terminal_value":0.505,"strike":64250.0,"start_ts":1714132805,"expir_ts":1714165200},{"init_value":1.0,"deriv_term_value":0.0,"terminal_value":0.825,"strike":65250.0,"start_ts":1714132805,"expir_ts":1714165200},{"init_value":1.0,"deriv_term_value":1.0,"terminal_value":1.085,"strike":62750.0,"start_ts":1714132804,"expir_ts":1714165200},{"init_value":1.0,"deriv_term_value":1.0,"terminal_value":1.325,"strike":63750.0,"start_ts":1714132805,"expir_ts":1714165200},{"init_value":1.0,"deriv_term_value":1.0,"terminal_value":1.185,"strike":63250.0,"start_ts":1714132805,"expir_ts":1714165200},{"init_value":1.0,"deriv_term_value":1.0,"terminal_value":1.0350000000000001,"strike":62250.0,"start_ts":1714132804,"expir_ts":1714165200},{"init_value":1.0,"deriv_term_value":0.0,"terminal_value":0.92,"strike":65750.0,"start_ts":1714132805,"expir_ts":1714165200},{"init_value":1.0,"deriv_term_value":0.0,"terminal_value":0.685,"strike":64750.0,"start_ts":1714132805,"expir_ts":1714165200},{"init_value":1.0,"deriv_term_value":1.0,"terminal_value":1.845,"strike":64250.0,"start_ts":1715774400,"expir_ts":1715806800},{"init_value":1.0,"deriv_term_value":1.0,"terminal_value":1.92,"strike":65250.0,"start_ts":1715774400,"expir_ts":1715806800},{"init_value":1.0,"deriv_term_value":1.0,"terminal_value":1.555,"strike":62750.0,"start_ts":1715774400,"expir_ts":1715806800},{"init_value":1.0,"deriv_term_value":0.0,"terminal_value":0.955,"strike":66250.0,"start_ts":1715774400,"expir_ts":1715806800},{"init_value":1.0,"deriv_term_value":1.0,"terminal_value":1.775,"strike":63750.0,"start_ts":1715774400,"expir_ts":1715806800},{"init_value":1.0,"deriv_term_value":0.0,"terminal_value":0.96,"strike":66750.0,"start_ts":1715774400,"expir_ts":1715806800},{"init_value":1.0,"deriv_term_value":1.0,"terminal_value":1.675,"strike":63250.0,"start_ts":1715774400,"expir_ts":1715806800},{"init_value":1.0,"deriv_term_value":1.0,"terminal_value":1.425,"strike":62250.0,"start_ts":1715774400,"expir_ts":1715806800},{"init_value":1.0,"deriv_term_value":1.0,"terminal_value":1.94,"strike":65750.0,"start_ts":1715774400,"expir_ts":1715806800},{"init_value":1.0,"deriv_term_value":1.0,"terminal_value":1.8900000000000001,"strike":64750.0,"start_ts":1715774400,"expir_ts":1715806800},{"init_value":1.0,"deriv_term_value":1.0,"terminal_value":1.03,"strike":58000.0,"start_ts":1713366943,"expir_ts":1713387600},{"init_value":1.0,"deriv_term_value":0.0,"terminal_value":0.45499999999999996,"strike":62500.0,"start_ts":1713355205,"expir_ts":1713387600},{"init_value":1.0,"deriv_term_value":1.0,"terminal_value":1.005,"strike":59000.0,"start_ts":1713356940,"expir_ts":1713387600},{"init_value":1.0,"deriv_term_value":0.0,"terminal_value":0.7150000000000001,"strike":63500.0,"start_ts":1713355205,"expir_ts":1713387600},{"init_value":1.0,"deriv_term_value":0.0,"terminal_value":0.20499999999999996,"strike":61500.0,"start_ts":1713355204,"expir_ts":1713387600},{"init_value":1.0,"deriv_term_value":0.0,"terminal_value":0.815,"strike":64000.0,"start_ts":1713355205,"expir_ts":1713387600},{"init_value":1.0,"deriv_term_value":1.0,"terminal_value":1.075,"strike":60500.0,"start_ts":1713355204,"expir_ts":1713387600},{"init_value":1.0,"deriv_term_value":0.0,"terminal_value":0.945,"strike":65000.0,"start_ts":1713355205,"expir_ts":1713387600},{"init_value":1.0,"deriv_term_value":1.0,"terminal_value":1.0350000000000001,"strike":60000.0,"start_ts":1713355204,"expir_ts":1713387600},{"init_value":1.0,"deriv_term_value":0.0,"terminal_value":0.135,"strike":61000.0,"start_ts":1713355204,"expir_ts":1713387600},{"init_value":1.0,"deriv_term_value":0.0,"terminal_value":0.89,"strike":64500.0,"start_ts":1713355205,"expir_ts":1713387600},{"init_value":1.0,"deriv_term_value":0.0,"terminal_value":0.5900000000000001,"strike":63000.0,"start_ts":1713355205,"expir_ts":1713387600},{"init_value":1.0,"deriv_term_value":1.0,"terminal_value":1.0350000000000001,"strike":59500.0,"start_ts":1713357405,"expir_ts":1713387599},{"init_value":1.0,"deriv_term_value":0.0,"terminal_value":0.32999999999999996,"strike":62000.0,"start_ts":1713355205,"expir_ts":1713387600},{"init_value":1.0,"deriv_term_value":1.0,"terminal_value":1.0350000000000001,"strike":58500.0,"start_ts":1713363814,"expir_ts":1713387600},{"init_value":1.0,"deriv_term_value":0.0,"terminal_value":0.26,"strike":68750.0,"start_ts":1716465609,"expir_ts":1716498000},{"init_value":1.0,"deriv_term_value":1.0,"terminal_value":1.0350000000000001,"strike":65250.0,"start_ts":1716466618,"expir_ts":1716498000},{"init_value":1.0,"deriv_term_value":0.0,"terminal_value":0.6599999999999999,"strike":70750.0,"start_ts":1716465609,"expir_ts":1716498000},{"init_value":1.0,"deriv_term_value":0.0,"terminal_value":0.44999999999999996,"strike":69750.0,"start_ts":1716465609,"expir_ts":1716498000},{"init_value":1.0,"deriv_term_value":1.0,"terminal_value":1.075,"strike":67250.0,"start_ts":1716465608,"expir_ts":1716498000},{"init_value":1.0,"deriv_term_value":1.0,"terminal_value":1.0350000000000001,"strike":66250.0,"start_ts":1716466020,"expir_ts":1716498000},{"init_value":1.0,"deriv_term_value":1.0,"terminal_value":1.045,"strike":66750.0,"start_ts":1716465608,"expir_ts":1716498000},{"init_value":1.0,"deriv_term_value":1.0,"terminal_value":1.12,"strike":67750.0,"start_ts":1716465608,"expir_ts":1716498000},{"init_value":1.0,"deriv_term_value":0.0,"terminal_value":0.35,"strike":69250.0,"start_ts":1716465609,"expir_ts":1716498000},{"init_value":1.0,"deriv_term_value":1.0,"terminal_value":1.04,"strike":65750.0,"start_ts":1716466618,"expir_ts":1716498000},{"init_value":1.0,"deriv_term_value":0.0,"terminal_value":0.56,"strike":70250.0,"start_ts":1716465609,"expir_ts":1716498000},{"init_value":1.0,"deriv_term_value":0.0,"terminal_value":0.18000000000000005,"strike":68250.0,"start_ts":1716465608,"expir_ts":1716498000},{"init_value":1.0,"deriv_term_value":1.0,"terminal_value":1.905,"strike":68750.0,"start_ts":1716552000,"expir_ts":1716584400},{"init_value":1.0,"deriv_term_value":1.0,"terminal_value":1.455,"strike":67250.0,"start_ts":1716552002,"expir_ts":1716584400},{"init_value":1.0,"deriv_term_value":1.0,"terminal_value":1.295,"strike":66750.0,"start_ts":1716552001,"expir_ts":1716584400},{"init_value":1.0,"deriv_term_value":1.0,"terminal_value":1.665,"strike":67750.0,"start_ts":1716552000,"expir_ts":1716584400},{"init_value":1.0,"deriv_term_value":0.0,"terminal_value":0.95,"strike":69250.0,"start_ts":1716552000,"expir_ts":1716584400},{"init_value":1.0,"deriv_term_value":1.0,"terminal_value":1.81,"strike":68250.0,"start_ts":1716552002,"expir_ts":1716584400},{"init_value":1.0,"deriv_term_value":1.0,"terminal_value":1.44,"strike":68750.0,"start_ts":1712750702,"expir_ts":1712782799},{"init_value":1.0,"deriv_term_value":1.0,"terminal_value":1.03,"strike":65250.0,"start_ts":1712752098,"expir_ts":1712782800},{"init_value":1.0,"deriv_term_value":0.0,"terminal_value":0.84,"strike":70750.0,"start_ts":1712750703,"expir_ts":1712782800},{"init_value":1.0,"deriv_term_value":1.0,"terminal_value":1.665,"strike":69750.0,"start_ts":1712750703,"expir_ts":1712782800},{"init_value":1.0,"deriv_term_value":1.0,"terminal_value":1.15,"strike":67250.0,"start_ts":1712750702,"expir_ts":1712782799},{"init_value":1.0,"deriv_term_value":1.0,"terminal_value":1.05,"strike":66250.0,"start_ts":1712750702,"expir_ts":1712782799},{"init_value":1.0,"deriv_term_value":1.0,"terminal_value":1.0899999999999999,"strike":66750.0,"start_ts":1712750702,"expir_ts":1712782799},{"init_value":1.0,"deriv_term_value":1.0,"terminal_value":1.23,"strike":67750.0,"start_ts":1712750702,"expir_ts":1712782799},{"init_value":1.0,"deriv_term_value":1.0,"terminal_value":1.555,"strike":69250.0,"start_ts":1712750703,"expir_ts":1712782800},{"init_value":1.0,"deriv_term_value":1.0,"terminal_value":1.03,"strike":65750.0,"start_ts":1712750789,"expir_ts":1712782800},{"init_value":1.0,"deriv_term_value":0.0,"terminal_value":0.765,"strike":70250.0,"start_ts":1712750703,"expir_ts":1712782800},{"init_value":1.0,"deriv_term_value":1.0,"terminal_value":1.33,"strike":68250.0,"start_ts":1712750702,"expir_ts":1712782799},{"init_value":1.0,"deriv_term_value":1.0,"terminal_value":1.1800000000000002,"strike":68750.0,"start_ts":1712837055,"expir_ts":1712869200},{"init_value":1.0,"deriv_term_value":0.0,"terminal_value":0.87,"strike":71750.0,"start_ts":1712837055,"expir_ts":1712869200},{"init_value":1.0,"deriv_term_value":0.0,"terminal_value":0.6699999999999999,"strike":70750.0,"start_ts":1712837055,"expir_ts":1712869200},{"init_value":1.0,"deriv_term_value":1.0,"terminal_value":1.4100000000000001,"strike":69750.0,"start_ts":1712837055,"expir_ts":1712869200},{"init_value":1.0,"deriv_term_value":0.0,"terminal_value":0.96,"strike":72750.0,"start_ts":1712837055,"expir_ts":1712869200},{"init_value":1.0,"deriv_term_value":1.0,"terminal_value":1.06,"strike":67750.0,"start_ts":1712837055,"expir_ts":1712869200},{"init_value":1.0,"deriv_term_value":0.0,"terminal_value":0.9299999999999999,"strike":72250.0,"start_ts":1712837055,"expir_ts":1712869200},{"init_value":1.0,"deriv_term_value":1.0,"terminal_value":1.28,"strike":69250.0,"start_ts":1712837055,"expir_ts":1712869200},{"init_value":1.0,"deriv_term_value":1.0,"terminal_value":1.54,"strike":70250.0,"start_ts":1712837055,"expir_ts":1712869200},{"init_value":1.0,"deriv_term_value":0.0,"terminal_value":0.78,"strike":71250.0,"start_ts":1712837055,"expir_ts":1712869200},{"init_value":1.0,"deriv_term_value":1.0,"terminal_value":1.105,"strike":68250.0,"start_ts":1712837055,"expir_ts":1712869200},{"init_value":1.0,"deriv_term_value":0.0,"terminal_value":0.965,"strike":64250.0,"start_ts":1714392032,"expir_ts":1714424400},{"init_value":1.0,"deriv_term_value":1.0,"terminal_value":1.335,"strike":61750.0,"start_ts":1714392031,"expir_ts":1714424400},{"init_value":1.0,"deriv_term_value":1.0,"terminal_value":1.0899999999999999,"strike":60750.0,"start_ts":1714392031,"expir_ts":1714424400},{"init_value":1.0,"deriv_term_value":1.0,"terminal_value":1.68,"strike":62750.0,"start_ts":1714392031,"expir_ts":1714424400},{"init_value":1.0,"deriv_term_value":0.0,"terminal_value":0.91,"strike":63750.0,"start_ts":1714392032,"expir_ts":1714424400},{"init_value":1.0,"deriv_term_value":0.0,"terminal_value":0.8200000000000001,"strike":63250.0,"start_ts":1714392032,"expir_ts":1714424400},{"init_value":1.0,"deriv_term_value":1.0,"terminal_value":1.51,"strike":62250.0,"start_ts":1714392031,"expir_ts":1714424400},{"init_value":1.0,"deriv_term_value":1.0,"terminal_value":1.19,"strike":61250.0,"start_ts":1714392031,"expir_ts":1714424400},{"init_value":1.0,"deriv_term_value":1.0,"terminal_value":1.24,"strike":68750.0,"start_ts":1716379225,"expir_ts":1716411600},{"init_value":1.0,"deriv_term_value":0.0,"terminal_value":0.925,"strike":71750.0,"start_ts":1716379221,"expir_ts":1716411600},{"init_value":1.0,"deriv_term_value":0.0,"terminal_value":0.79,"strike":70750.0,"start_ts":1716379223,"expir_ts":1716411600},{"init_value":1.0,"deriv_term_value":0.0,"terminal_value":0.52,"strike":69750.0,"start_ts":1716379222,"expir_ts":1716411600},{"init_value":1.0,"deriv_term_value":1.0,"terminal_value":1.37,"strike":69250.0,"start_ts":1716379225,"expir_ts":1716411600},{"init_value":1.0,"deriv_term_value":0.0,"terminal_value":0.6699999999999999,"strike":70250.0,"start_ts":1716379224,"expir_ts":1716411600},{"init_value":1.0,"deriv_term_value":0.0,"terminal_value":0.87,"strike":71250.0,"start_ts":1716379219,"expir_ts":1716411600},{"init_value":1.0,"deriv_term_value":1.0,"terminal_value":1.1400000000000001,"strike":68250.0,"start_ts":1716379226,"expir_ts":1716411600},{"init_value":1.0,"deriv_term_value":1.0,"terminal_value":1.38,"strike":62500.0,"start_ts":1713268830,"expir_ts":1713301200},{"init_value":1.0,"deriv_term_value":0.0,"terminal_value":0.585,"strike":63500.0,"start_ts":1713268831,"expir_ts":1713301200},{"init_value":1.0,"deriv_term_value":0.0,"terminal_value":0.94,"strike":66000.0,"start_ts":1713268831,"expir_ts":1713301200},{"init_value":1.0,"deriv_term_value":1.0,"terminal_value":1.205,"strike":61500.0,"start_ts":1713265141,"expir_ts":1713301200},{"init_value":1.0,"deriv_term_value":0.0,"terminal_value":0.6950000000000001,"strike":64000.0,"start_ts":1713268831,"expir_ts":1713301200},{"init_value":1.0,"deriv_term_value":1.0,"terminal_value":1.085,"strike":60500.0,"start_ts":1713268830,"expir_ts":1713301200},{"init_value":1.0,"deriv_term_value":0.0,"terminal_value":0.85,"strike":65000.0,"start_ts":1713268831,"expir_ts":1713301200},{"init_value":1.0,"deriv_term_value":0.0,"terminal_value":0.9,"strike":65500.0,"start_ts":1713268831,"expir_ts":1713301200},{"init_value":1.0,"deriv_term_value":1.0,"terminal_value":1.1400000000000001,"strike":61000.0,"start_ts":1713268830,"expir_ts":1713301200},{"init_value":1.0,"deriv_term_value":0.0,"terminal_value":0.775,"strike":64500.0,"start_ts":1713268831,"expir_ts":1713301200},{"init_value":1.0,"deriv_term_value":1.0,"terminal_value":1.51,"strike":63000.0,"start_ts":1713268830,"expir_ts":1713301200},{"init_value":1.0,"deriv_term_value":1.0,"terminal_value":1.2850000000000001,"strike":62000.0,"start_ts":1713268830,"expir_ts":1713301200},{"init_value":1.0,"deriv_term_value":0.0,"terminal_value":0.73,"strike":62500.0,"start_ts":1715682884,"expir_ts":1715720400},{"init_value":1.0,"deriv_term_value":0.0,"terminal_value":0.955,"strike":63500.0,"start_ts":1715688000,"expir_ts":1715720400},{"init_value":1.0,"deriv_term_value":1.0,"terminal_value":1.37,"strike":61500.0,"start_ts":1715688000,"expir_ts":1715720400},{"init_value":1.0,"deriv_term_value":1.0,"terminal_value":1.105,"strike":60500.0,"start_ts":1715688000,"expir_ts":1715720400},{"init_value":1.0,"deriv_term_value":1.0,"terminal_value":1.0550000000000002,"strike":60000.0,"start_ts":1715688000,"expir_ts":1715720400},{"init_value":1.0,"deriv_term_value":1.0,"terminal_value":1.205,"strike":61000.0,"start_ts":1715688000,"expir_ts":1715720400},{"init_value":1.0,"deriv_term_value":0.0,"terminal_value":0.9,"strike":63000.0,"start_ts":1715688000,"expir_ts":1715720400},{"init_value":1.0,"deriv_term_value":0.0,"terminal_value":0.5800000000000001,"strike":62000.0,"start_ts":1715682876,"expir_ts":1715720400},{"init_value":1.0,"deriv_term_value":0.0,"terminal_value":0.84,"strike":64250.0,"start_ts":1713441618,"expir_ts":1713473999},{"init_value":1.0,"deriv_term_value":1.0,"terminal_value":1.275,"strike":61750.0,"start_ts":1713441618,"expir_ts":1713473999},{"init_value":1.0,"deriv_term_value":0.0,"terminal_value":0.95,"strike":65250.0,"start_ts":1713441618,"expir_ts":1713473999},{"init_value":1.0,"deriv_term_value":1.0,"terminal_value":1.1099999999999999,"strike":60750.0,"start_ts":1713441618,"expir_ts":1713473999},{"init_value":1.0,"deriv_term_value":1.0,"terminal_value":1.5150000000000001,"strike":62750.0,"start_ts":1713441618,"expir_ts":1713473999},{"init_value":1.0,"deriv_term_value":0.0,"terminal_value":0.965,"strike":66250.0,"start_ts":1713444530,"expir_ts":1713474000},{"init_value":1.0,"deriv_term_value":0.0,"terminal_value":0.75,"strike":63750.0,"start_ts":1713441618,"expir_ts":1713473999},{"init_value":1.0,"deriv_term_value":1.0,"terminal_value":1.6400000000000001,"strike":63250.0,"start_ts":1713441618,"expir_ts":1713473999},{"init_value":1.0,"deriv_term_value":1.0,"terminal_value":1.03,"strike":59750.0,"start_ts":1713441617,"expir_ts":1713474000},{"init_value":1.0,"deriv_term_value":1.0,"terminal_value":1.405,"strike":62250.0,"start_ts":1713441615,"expir_ts":1713474000},{"init_value":1.0,"deriv_term_value":0.0,"terminal_value":0.97,"strike":65750.0,"start_ts":1713444539,"expir_ts":1713473999},{"init_value":1.0,"deriv_term_value":1.0,"terminal_value":1.04,"strike":60250.0,"start_ts":1713441617,"expir_ts":1713474000},{"init_value":1.0,"deriv_term_value":0.0,"terminal_value":0.905,"strike":64750.0,"start_ts":1713441618,"expir_ts":1713473999},{"init_value":1.0,"deriv_term_value":1.0,"terminal_value":1.1800000000000002,"strike":61250.0,"start_ts":1713441618,"expir_ts":1713473999},{"init_value":1.0,"deriv_term_value":0.0,"terminal_value":0.89,"strike":64250.0,"start_ts":1715601602,"expir_ts":1715634000},{"init_value":1.0,"deriv_term_value":1.0,"terminal_value":1.2149999999999999,"strike":61750.0,"start_ts":1715601601,"expir_ts":1715634000},{"init_value":1.0,"deriv_term_value":1.0,"terminal_value":1.535,"strike":62750.0,"start_ts":1715601602,"expir_ts":1715634000},{"init_value":1.0,"deriv_term_value":0.0,"terminal_value":0.81,"strike":63750.0,"start_ts":1715601602,"expir_ts":1715634000},{"init_value":1.0,"deriv_term_value":0.0,"terminal_value":0.7050000000000001,"strike":63250.0,"start_ts":1715601602,"expir_ts":1715634000},{"init_value":1.0,"deriv_term_value":1.0,"terminal_value":1.35,"strike":62250.0,"start_ts":1715601601,"expir_ts":1715634000},{"init_value":1.0,"deriv_term_value":1.0,"terminal_value":1.12,"strike":61250.0,"start_ts":1715601601,"expir_ts":1715634000},{"init_value":1.0,"deriv_term_value":0.0,"terminal_value":0.735,"strike":71750.0,"start_ts":1717675200,"expir_ts":1717707600},{"init_value":1.0,"deriv_term_value":0.0,"terminal_value":0.395,"strike":70750.0,"start_ts":1717675202,"expir_ts":1717707600},{"init_value":1.0,"deriv_term_value":1.0,"terminal_value":1.095,"strike":69750.0,"start_ts":1717675203,"expir_ts":1717707600},{"init_value":1.0,"deriv_term_value":0.0,"terminal_value":0.835,"strike":72250.0,"start_ts":1717675200,"expir_ts":1717707600},{"init_value":1.0,"deriv_term_value":1.0,"terminal_value":1.225,"strike":70250.0,"start_ts":1717675201,"expir_ts":1717707600},{"init_value":1.0,"deriv_term_value":0.0,"terminal_value":0.575,"strike":71250.0,"start_ts":1717675207,"expir_ts":1717707600},{"init_value":1.0,"deriv_term_value":1.0,"terminal_value":1.02,"strike":68750.0,"start_ts":1717761605,"expir_ts":1717794000},{"init_value":1.0,"deriv_term_value":0.0,"terminal_value":0.565,"strike":71750.0,"start_ts":1717761605,"expir_ts":1717794000},{"init_value":1.0,"deriv_term_value":0.0,"terminal_value":0.18500000000000005,"strike":70750.0,"start_ts":1717761605,"expir_ts":1717794000},{"init_value":1.0,"deriv_term_value":0.0,"terminal_value":0.030000000000000027,"strike":69750.0,"start_ts":1717761600,"expir_ts":1717794000},{"init_value":1.0,"deriv_term_value":1.0,"terminal_value":1.02,"strike":69250.0,"start_ts":1717761603,"expir_ts":1717794000},{"init_value":1.0,"deriv_term_value":0.0,"terminal_value":0.07999999999999996,"strike":70250.0,"start_ts":1717761601,"expir_ts":1717794000},{"init_value":1.0,"deriv_term_value":0.0,"terminal_value":0.365,"strike":71250.0,"start_ts":1717761600,"expir_ts":1717794000}]